director_id,director_name,director_facebook_likes
437,Spike Lee,0
991,Ricky Gervais,0
1302,Dean Wright,0
1485,Russell Holt,0
1650,Feroz Abbas Khan,0
1923,Hue Rhodes,0
1984,Romesh Sharma,0
44,Robert Zemeckis,0
348,Peter Billingsley,0
826,Bill Paxton,0
1119,Catherine Owens,0
1883,Hayley Cloake,0
1985,Fran̤ois Truffaut,0
2241,Matt Jackson,0
12,Bryan Singer,0
416,Robert Butler,0
700,William Shatner,0
702,James Gartner,0
860,Sidney Lumet,0
974,Gnana Rajasekaran,0
1123,Drew Barrymore,0
1357,Bob Odenkirk,0
2155,Daniel Davila,0
2187,Lance McDaniel,0
142,George Lucas,0
260,Kevin Costner,0
1218,John Stainton,0
1289,John Turturro,0
1378,Michael Clancy,0
1892,Dan Perri,0
2167,Caryn Waechter,0
2175,Bill Benenson,0
2336,Andrew Berends,0
299,George Clooney,0
605,Ryan Coogler,0
928,Anthony Bell,0
1536,Sterling Van Wagenen,0
1875,Zackary Adler,0
1941,Orson Welles,0
1981,Nadine Labaki,0
2201,Kurt Hale,0
263,Andr̩s Couturier,0
894,Joshua Michael Stern,0
1952,Richard Ayoade,0
1954,Pascal Arnold,0
1965,Jonathan Wacks,0
2127,Stefan C. Schaefer,0
2308,Justin Dillon,0
2398,Neill Dela Llana,0
34,James Wan,0
750,Maksim Fadeev,0
874,Mel Brooks,0
1258,Peter Care,0
2050,Justin Thomas Ostensen,0
2221,Patrick Gilles,0
2251,Mor Loushy,0
2329,Eric Bugbee,0
86,Kenneth Branagh,0
490,Paul Bolger,0
1431,Woo-Suk Kang,0
1678,Leonard Farlinger,0
1691,Ren̩ F̩ret,0
2017,William Cottrell,0
2039,Claudia Sainte-Luce,0
2054,Dylan Bank,0
2063,Joe Marino,0
2077,Andrew Steggall,0
2228,Catherine Gund,0
9,Joss Whedon,0
1146,Antonio Banderas,0
1339,Jason Bateman,0
1518,Stephen Milburn Anderson,0
1560,Zach Braff,0
1772,Antonio Simoncini,0
1893,Neil Mcenery-West,0
2215,Jonathan Parker,0
2245,Cassandra Nicolaou,0
2323,Nicolae Constantin Tanase,0
28,Michael Bay,0
45,Lana Wachowski,0
287,Judd Apatow,0
328,Stanley Kubrick,0
515,Billy Bob Thornton,0
973,Wayne Thornley,0
1262,Takeshi Kitano,0
1381,Taedong Park,0
2161,Clark Baker,0
2168,Emily Dell,0
19,Ridley Scott,0
209,Brian De Palma,0
902,Steve McQueen,0
1206,John Waters,0
1702,Ivan Engler,0
1942,Dave Payne,0
2000,Charles Chaplin,0
2045,James David Pasternak,0
2100,Rohit Jagessar,0
174,Spike Jonze,0
212,Kathryn Bigelow,0
689,Stig Bergqvist,0
1034,Trent Cooper,0
1097,Rob Zombie,0
1267,Lijun Sun,0
1435,Ayan Mukerji,0
1533,Alan Alda,0
1682,Robert Sarkies,0
1956,John Laing,0
2170,Jennifer Wynne Farmer,0
233,George A. Romero,0
1080,Tommy Lee Jones,0
1982,LluÌ_s QuÌ_lez,0
2385,Joseph Mazzella,0
420,Francis Ford Coppola,0
594,Kar-Wai Wong,0
809,Guillaume Canet,0
1612,George Jackson,0
2319,Sharon Greytak,0
11,Zack Snyder,0
195,Wally Pfister,0
324,Nora Ephron,0
602,Paul Thomas Anderson,0
1388,Andy Garcia,0
1521,Vladlen Barbe,0
1640,Ronan Chapalain,0
1738,Edward Burns,0
1774,Eldar Rapaport,0
2075,Robert D. Webb,0
2226,Justin Paul Miller,0
2279,Daniel Columbie,0
2287,Hilary Brougher,0
379,Patrick Gilmore,0
464,Danny Boyle,0
512,Sean Penn,0
548,Wes Craven,0
562,Diane Keaton,0
790,Oleg Stepchenko,0
1509,John Stephenson,0
1614,Maurice Joyce,0
1674,Christophe Ali,0
2263,Florence Ayisi,0
2318,Rania Attieh,0
693,Rian Johnson,0
939,Peter Hastings,0
981,Alan Yuen,0
1394,Pedro AlmodÌ_var,0
1662,William H. Macy,0
1810,Enrique Begne,0
2044,Kurt Voss,0
2294,Sam Martin,0
2331,Dena Seidel,0
423,Robert Rodriguez,0
470,Wes Anderson,0
777,Richard Linklater,0
1482,Eli Roth,0
1756,Michael Martin,0
1762,Robert Cary,0
1868,Reed Cowan,0
2130,Robert Heath,0
2229,Luke Dye,0
2233,Matthew Watts,0
2388,Jim Chuchu,0
144,Fr̩d̩ric Forestier,0
616,Chris Rock,0
1502,Sharron Miller,0
1568,Sylvio Tabet,0
1649,James Manera,0
1652,Dennis Hopper,0
2383,James Bidgood,0
507,David Lynch,0
571,Sofia Coppola,0
609,Kevin Smith,0
753,Elizabeth Banks,0
754,Edward Norton,0
1834,Brian Caunter,0
1867,Michael D. Sellers,0
2132,Jeffrey St. Jules,0
2266,Babar Ahmed,0
469,John Carpenter,0
471,David Cronenberg,0
800,Cathy Malkasian,0
1237,David Moreau,0
1500,Don Kempf,0
1507,Kevin Brodie,0
2126,Mikel Rueda,0
2262,Jean-Luc Godard,0
2305,Maurizio Benazzo,0
2325,Ken Roht,0
2333,Sara Newens,0
2401,Benjamin Roberds,0
162,Christopher Barnard,0
340,Rob Reiner,0
489,Andrei Tarkovsky,0
1046,Guillaume Ivernel,0
1859,�äric Tessier,0
2002,Bruce Campbell,0
2049,Adam Jay Epstein,0
2057,Harry Gantz,0
2112,Hal Haberman,0
2317,C. Fraser Press,0
2327,Michel Orion Scott,0
114,Alejandro G. I̱�Árritu,0
794,Charles Herman-Wurmfeld,0
1329,Joel Edgerton,0
1340,David Schwimmer,0
1692,Barry Skolnick,0
1823,Philip Zlotorynski,0
1964,Vijay Chandar,0
124,Matt Birch,0
1648,Billy Kent,0
2209,Molly Bernstein,0
272,Mike Nichols,0
1414,Meiert Avis,0
1734,Aleksandr Veledinskiy,0
1802,Peter M. Cohen,0
1919,David Duchovny,0
129,Guy Ritchie,0
1767,Charles Adelman,0
2033,Arjun Sablok,0
2102,Kief Davidson,0
2110,Eric Nicholas,0
2223,Jack Heller,0
38,Guillermo del Toro,0
849,Inna Evlannikova,0
1168,John Blanchard,0
756,Richard Attenborough,0
1552,Jean-Jacques Mantello,0
1558,Deb Hagan,0
1913,Gary Rogers,0
1939,Simon Yin,0
2091,Jos̩ Luis Valenzuela,0
107,Ang Lee,0
375,Joel Coen,0
478,Danny DeVito,0
1727,Robert Lee King,0
1910,Jim Jarmusch,0
2047,Tom Sanchez,0
2254,Doug Block,0
1193,Gene Quintano,0
1707,Billy Wilder,0
1758,Louis C.K.,0
1821,Conor McPherson,0
2135,Jonathan Meyers,0
2185,Johanna Schwartz,0
2269,Bruce Dellis,0
351,Robert Redford,0
520,Ben Affleck,0
908,Steve Trenbirth,0
1572,S.R. Bindler,0
2343,Harry F. Millarde,0
531,Barbra Streisand,0
745,Li Zhang,0
1363,Ralph Fiennes,0
1663,Barrett Esposito,0
1696,Agnieszka Wojtowicz-Vosloo,0
1775,Clark Gregg,0
2310,Livingston Oden,0
79,Oliver Stone,0
289,Mel Gibson,0
2034,Tyler Oliver,0
848,J̩r̫me Deschamps,0
1025,Matt Dillon,0
1931,Aaron Hann,0
1963,Vera Farmiga,0
2182,Gene Teigland,0
2264,Michael Roemer,0
191,Luc Besson,0
1158,Anthony Silverston,0
1336,Timothy Bj̦rklund,0
1411,Eric Lavaine,0
1710,William Arntz,0
1845,Thorbj�ürn Christoffersen,0
2283,Al Franklin,0
2298,Zoran Lisinac,0
2376,Kirk Loudon,0
151,Steven Soderbergh,0
963,Charlie Kaufman,0
1401,Kris Isacsson,0
1494,Robert Marcarelli,0
1735,Peter H. Hunt,0
2216,Sol Tryon,0
2235,Joe Kenemore,0
875,Russell Crowe,0
1873,Danny Perez,0
2123,Charlie Levi,0
2301,Jon Shear,0
2302,Al Silliman Jr.,0
2349,Lisanne Pajot,0
2352,Patrick Ryan Sims,0
2357,Myles Berkowitz,0
159,Michael Mann,0
463,Steven Seagal,0
584,Marc F. Adler,0
1016,Lance Hool,0
1151,Tony Jaa,0
1525,Jackie Earle Haley,0
1528,Damian Nieman,0
2225,Warren Sheppard,0
291,Frank Darabont,0
684,John Francis Daley,0
1661,Jim Amatulli,0
1937,Chris Shadley,0
2402,Daniel Hsia,0
122,Alfonso CuarÌ_n,0
123,Eric Leighton,0
365,Jean-Pierre Jeunet,0
787,Alan Shapiro,0
1372,Julio DePietro,0
177,Peter Hyams,0
661,Jeremy Degruson,0
696,Forest Whitaker,0
780,Jodie Foster,0
937,Frank Nissen,0
1443,Martin Lawrence,0
2025,Robert M. Young,0
2244,Ari Kirschenbaum,0
2280,Emma-Kate Croghan,0
679,Tim Robbins,0
1270,Timothy Hines,0
1581,Christopher M. Bessette,0
1973,David Hunt,0
2140,Sanjay Rawal,0
2158,Catherine Jelski,0
2322,Cary Bell,0
2338,Valentine,0
46,Pete Docter,0
738,Sergio Leone,0
931,Ed Harris,0
1178,Emilio Estevez,0
1466,Edward Hall,0
1618,Ice Cube,0
1673,Scott Foley,0
1934,John Simpson,0
938,Stephen Chow,0
1395,Gerald Potterton,0
1585,Darren Grant,0
1885,Shyam Madiraju,0
2064,Joel Anderson,0
2119,Randall Rubin,0
2137,Blair Erickson,0
2203,Joseph Dorman,0
2224,Fernando Baez Mella,0
2270,Pece Dingo,0
76,Duncan Jones,0
94,M. Night Shyamalan,0
126,Chris Columbus,0
427,Terrence Malick,0
796,Tyler Perry,0
801,John Eng,0
1174,Alan Cohn,0
1272,Akira Kurosawa,0
1301,Sajid Khan,0
2046,Laurent Bouhnik,0
3,Sam Mendes,0
7,Sam Raimi,0
121,Darren Aronofsky,0
1259,Chan-wook Park,0
1358,Joshua Seftel,0
2246,Ingmar Bergman,0
2278,Piyush Dinker Pandya,0
293,Garry Marshall,0
595,Yuefeng Song,0
680,Tom Reeve,0
1583,Gary Sinyor,0
1676,Shekar,0
1697,Kabir Sadanand,0
1851,Hao Ning,0
2113,A. Raven Cruz,0
2192,Blaz Zavrsnik,0
2306,David G. Evans,0
2316,James Kerwin,0
2361,Wade Gasque,0
189,Frank Oz,0
202,Ben Stiller,0
255,Terry Gilliam,0
846,Werner Herzog,0
1101,Nicolas Winding Refn,0
1938,Simon Napier-Bell,0
2009,David Ray,0
2118,David Cross,0
2147,Mariette Monpierre,0
2172,H.M. Coakley,0
2334,Sai Varadan,0
2367,Daniel Mellitz,0
17,Peter Jackson,0
1281,Dustin Hoffman,0
1548,Fred Savage,0
2354,Jason Miller,0
2370,Dave Carroll,0
323,Tom Hooper,0
642,Kimble Rendall,0
1011,Michael Haneke,0
1140,Peter Kassovitz,0
1765,Amanda Gusack,0
2051,Brenton Spencer,0
2152,Asghar Farhadi,0
2156,Jorge Gaggero,0
2255,Chad Kapper,0
1019,David Hayter,512
885,Laurence Dunmore,2
2174,Chris Atkins,2
2379,Bradley Rust Gray,2
2276,Ken Del Conte,2
2053,Jay Alaimo,2
2072,Takao Okawara,2
1209,Blair Hayes,2
1946,Harald Reinl,2
980,Britt Allcroft,2
639,Gary Chapman,2
1584,Ashish R. Mohan,2
842,Jeffrey W. Byrd,2
1752,Kevin Carraway,2
2400,Scott Smith,2
2073,Duncan Tucker,2
1186,Chao-Bin Su,2
746,Laurent Tirard,2
2351,John Reinhardt,2
2360,Joseph Green,2
603,David Leland,2
2399,Anthony Vallone,2
2219,Daston Kalili,2
786,Michael Cohn,2
922,Eric Valette,2
975,Tom Walsh,2
1280,Brendan Malloy,2
906,Robin Budd,2
1132,Mort Nathan,2
1872,Benni Diez,2
2096,Efram Potelle,2
1474,Charles Binam̩,2
1403,Daniel Taplitz,2
2292,Jason Naumann,2
1086,JK Youn,2
1447,Justin Tipping,2
2258,Lauren Lazin,2
1575,Jake Goldberger,2
1844,Rohit Jugraj,2
2382,Damir Catic,2
940,Paul Abascal,2
2197,Marilyn Agrelo,2
2369,Andrew Leman,2
373,Jorge Blanco,2
898,Jim Sonzero,2
1510,Tim Chambers,2
1706,Duane Journey,2
1017,Christian Volckman,2
731,Bruce Hunt,2
1551,Dominique Othenin-Girard,2
878,Mike Bigelow,2
1475,Keith Parmer,2
1229,St̩phane Aubier,2
1330,Jim Hanon,2
1481,David Oelhoffen,2
1716,Rick de Oliveira,2
1744,Alan Jacobs,2
2085,Chris Paine,2
2067,Mona Fastvold,2
1273,Jamie Thraves,2
1446,Ken Shapiro,2
31,Martin Campbell,258
870,Fred Durst,258
852,Teddy Chan,3
2291,Tom Seidman,3
656,Hugh Johnson,3
970,Daniel Algrant,3
2157,Michael Burke,3
1449,Doug Atchison,3
1596,George Ratliff,3
2243,Paul Fox,3
1162,Tung-Shing Yee,3
2271,Jerome Elston Scott,3
1664,Vicky Jewson,3
2265,Eddie O'Flaherty,3
1450,Jonas Elmer,3
2256,Paul Fierlinger,3
1657,Matthew Hastings,3
1353,Eric Blakeney,3
2248,Roger Nygard,3
2384,Eric Eason,3
1419,Roland Suso Richter,3
1561,Mark Tarlov,3
1105,Phil Traill,3
1245,Lionel C. Martin,3
1679,Michel Leclerc,3
1694,Mateo Gil,3
411,Kent Alterman,3
522,Norman Ferguson,3
2121,Mary Pat Kelly,3
1412,Marc Forby,3
1950,Jerry Dugan,3
2348,E.L. Katz,3
1848,Frank Sebastiano,3
2350,Dan Reed,3
815,Tim Fywell,3
711,Liz Friedlander,3
1043,Jim Goddard,3
1387,William Phillips,3
2198,Brian Baugh,3
2199,Patrick Creadon,3
1423,Ekachai Uekrongtham,3
1531,Rachel Perkins,3
1975,Mark Illsley,3
2134,K. King,3
2165,Christopher Hutson,3
2373,Chad Hartigan,3
1527,Arie Posin,3
2218,Stephen Kijak,3
1638,Jay Levey,3
2116,Wajahat Rauf,3
2396,Ash Baron-Cohen,3
608,Jennifer Flackett,3
1368,Alan Metter,3
2355,Sut Jhally,3
2372,Patrick Meaney,3
1068,Lance Rivera,3
2231,Hans Canosa,3
389,Pou-Soi Cheang,3
2007,Gerard Johnstone,3
735,Andy Cadiff,3
1470,Marc Sch̦lermann,3
866,Jonathan Newman,3
952,Dave Borthwick,3
2186,William Gazecki,3
1643,Jerry Belson,3
1665,Marc Bennett,3
1274,Mabel Cheung,3
1829,Paolo Monico,3
2342,Travis Cluff,3
2177,Travis Romero,4
2277,Maria Maggenti,4
2111,Benjamin Dickinson,4
2035,Douglas Cheek,4
2240,Ray Griggs,4
2332,Deborah Anderson,4
2038,Giovanni Zelko,4
1382,Benedikt Erlingsson,4
1598,Jon Wright,4
2249,Harry Beaumont,4
2048,David Caffrey,4
2032,Jonathan Kesselman,4
880,Harry Elfont,4
1987,Travis Zariwny,4
947,James Mather,4
869,Jerry Zaks,4
1688,Mike van Diem,4
319,Doug Lefler,4
1292,Giuliano Montaldo,4
2176,Ryan Smith,4
1417,Peter Faiman,4
1299,L̩a Pool,4
1333,Jeff Lowell,4
541,Gordon Chan,4
1082,William Bindley,4
1526,Max FÌ_rberb̦ck,4
1044,Noel Marshall,4
1921,Lance Mungia,4
1085,Udayan Prasad,4
1969,W.D. Hogan,4
1992,Dror Moreh,4
2375,Kevin Jordan,4
1681,Tom Kalin,4
1781,Eric Styles,4
1555,Matt Piedmont,4
1740,Mark Griffiths,4
1349,Harley Cokeliss,4
1238,Christopher Erskin,4
1601,Rohan Sippy,4
1922,Kundan Shah,4
2164,Oliver Blackburn,4
1639,Nicholaus Goossen,4
1129,Mark Piznarski,4
1351,Jason Zada,4
1838,Heidi Ewing,4
2090,Finn Taylor,4
1284,Dewey Nicks,4
1799,Christopher Leitch,4
1680,Analeine Cal y Mayor,4
1578,Kate Barker-Froyland,4
1595,Collin Schiffli,4
1418,Martyn Pick,4
950,Damon Santostefano,4
1240,Dan Cutforth,4
1520,David Lam,4
2031,Paul Donovan,4
847,Ben Stassen,4
2183,Scott Ziehl,4
1607,Patty Jenkins,260
474,Jim Sheridan,260
1198,John Lafia,5
1687,Beto GÌ_mez,5
1940,Jeff Crook,5
2189,Michael Walker,5
2285,Lori Silverbush,5
1515,Thaddeus O'Sullivan,5
536,Annabel Jankel,5
1944,Paul Bunnell,5
267,Des McAnuff,5
500,Melville Shavelson,5
759,Igor Kovalyov,5
1490,Siddharth Anand,5
304,Gary McKendry,5
1169,John Cornell,5
1565,Patrick Stettner,5
1166,Peter Cousens,5
2261,Eric Mendelsohn,5
580,Jerry Jameson,5
1061,Peter Flinth,5
2013,Frank Lotito,5
101,Alessandro Carloni,5
784,Andrew Morahan,5
1282,Gregory Poirier,5
1320,Leon Ichaso,5
2029,Boris Rodriguez,5
1147,Khalil Sullins,5
2027,Ham Tran,5
1386,Jim Issa,5
2104,Vivek Agnihotri,5
1278,Rob Pritts,5
447,Matthew O'Callaghan,5
1444,Masayuki Ochiai,5
752,Greg Tiernan,5
1936,Conor McMahon,5
479,George Armitage,5
604,J Blakeson,5
1933,Ralph Ziman,5
294,Paul Tibbitt,5
1723,Mora Stephens,5
2153,Justin Molotnikov,5
821,Philip G. Atwell,5
1655,Richard Wallace,5
1887,Rita Merson,5
2230,Alec Asten,5
2273,Herb Freed,5
2394,Tadeo Garcia,5
695,Michael McCullers,5
972,Mike Barker,5
2107,Nickolas Perry,5
1220,Paul Schrader,261
523,Michael Cimino,517
1309,Chuck Sheetz,6
1654,Nicholas Fackler,6
1852,Tony Giglio,6
2068,Levan Gabriadze,6
224,Sarah Smith,6
1511,Dick Richards,6
1313,Peter Sollett,6
1784,Max Mayer,6
286,Clay Kaytis,6
1409,Chatrichalerm Yukol,6
1895,Michael Herz,6
1010,Jonathan Teplitzky,6
1902,Jack Conway,6
1505,Tony Maylam,6
948,Michael O. Sajbel,6
2146,C. Jay Cox,6
2065,Shimit Amin,6
1049,Howard Zieff,6
1996,Simeon Rice,6
155,Will Finn,6
1066,Clare Kilner,6
1416,Emily Young,6
2202,Siddiq Barmak,6
1161,Daniele Luchetti,6
2131,D. Stevens,6
1077,Vicente Amorim,6
1932,Phil Claydon,6
2055,Rob McKittrick,6
2353,Laslo Benedek,6
1392,Valeri Milev,6
1621,Bruce Malmuth,6
1840,Hank Braxtan,6
685,J.B. Rogers,6
1141,Rodman Flender,6
1747,Andrucha Waddington,6
1766,Avi Nesher,6
736,Mike Disa,6
1622,Rob Hedden,6
1948,Scott Dow,6
2190,U. Roberto Romano,6
2200,Barry W. Blaustein,6
1005,Jeff Kanew,6
563,Kelly Makin,6
734,Nick Hamm,6
183,Lawrence Guterman,6
1196,Kirk Wong,6
2328,Pat Holden,6
2145,Ramaa Mosley,6
2368,Jem Cohen,6
864,Mary McGuckian,6
1699,Raja Menon,6
1134,Wil Shriner,6
1935,Colin Minihan,6
110,Hironobu Sakaguchi,6
2210,Marius A. Markevicius,6
2380,Mike Bruce,6
366,Graham Annable,7
568,Frederik Du Chau,7
1671,Frank LaLoggia,7
2299,James O'Brien,7
1062,Robert Iscove,7
1314,Bob Dolman,7
2295,Andrew Hyatt,7
1201,Mark Brown,7
1268,Takashi Yamazaki,7
1263,Marco Kreuzpaintner,7
1506,Mitch Davis,7
2260,Niall Johnson,7
2358,Brett Piper,7
567,Pat O'Connor,7
581,Mic Rodgers,7
747,Reinhard Klooss,7
2341,Nathan Smith Jones,7
597,David Mirkin,7
2080,Craig Johnson,7
1063,Peter Kosminsky,7
2347,Stephen Langford,7
998,Brandon Camp,7
1532,Luis Valdez,7
1625,Mickey Liddell,7
203,Tony Bancroft,7
1109,Martin Weisz,7
1891,Robert Fontaine,7
2303,Eug̬ne Louri̩,7
1310,Marcus Raboy,7
1207,Craig Bolotin,7
1390,Julian Gilbey,7
1835,Chris D'Arienzo,7
1083,Wayne Beach,7
1894,Anthony O'Brien,7
659,Rand Ravich,7
2178,Anna Mastro,7
1296,Ruairi Robinson,7
1860,Alison Maclean,7
1303,Eric Lartigau,7
806,Mark Helfrich,7
2024,Leslie H. Martinson,7
553,Cal Brunker,7
1644,Dan Rush,7
1713,James Melkonian,7
2028,Rich Cowan,7
2288,Rachel Goldenberg,7
1480,Stanley Tong,7
2204,Greg Harrison,7
698,Peter Lepeniotis,7
1371,Michael Meredith,7
2005,James Mottern,7
1084,G̩rard Krawczyk,7
1375,Scott Marshall,7
1562,John Cameron Mitchell,263
153,Noam Murro,263
343,Josh Gordon,8
1427,Nils Gaup,8
1927,Noah Buschel,8
1869,James Dodson,8
892,Stuart Gillard,8
1711,Ed Gass-Donnelly,8
2363,Matt Johnson,8
1870,Alex Rivera,8
681,Nanette Burstein,8
1777,Justin Kerrigan,8
1980,David M. Matthews,8
729,Willard Huyck,8
782,Kevin Allen,8
2387,Brandon Landers,8
2151,Natalie Bible',8
619,Kevin Rodney Sullivan,8
1822,Will Canon,8
1040,Ian Iqbal Rashid,8
1564,David Atkins,8
1420,Jeremy Sims,8
1733,Sam Levinson,8
1111,John Bonito,8
2196,John 'Bud' Cardos,8
2362,Daniel Schechter,8
1422,Joby Harold,8
1189,Danny Leiner,8
2108,Dan Zukovic,8
305,Wych Kaosayananda,8
583,Jean-Marie Poir̩,8
1373,Katherine Dieckmann,8
1627,Steve Carver,8
506,John A. Davis,8
1943,Brad Copeland,8
2162,Matt Maiellaro,8
995,Rick Friedberg,8
833,Pascal Chaumeil,8
1379,Robert Adetuyi,8
1468,Andrew Currie,8
634,Scott Mann,8
1287,William A. Graham,8
1792,Kunihiko Yuyama,8
1830,Youssef Delara,8
1623,Harmony Korine,520
43,Roland Emmerich,776
69,David Fincher,21000
1763,Adam Rapp,9
1832,Christian Sesma,9
2042,Anna Muylaert,9
1704,Henry Hobson,9
188,Ash Brannon,9
1811,Matthew Bright,9
1843,Victor Nunez,9
1962,Maggie Greenwald,9
1573,Greg Marcks,9
1899,Chris Kentis,9
1968,Mitchell Altieri,9
1589,�ämile Gaudreault,9
850,Jonathan English,9
1027,John Hoffman,9
2082,Gillian Robespierre,9
1127,Steve Gomer,9
701,Steve Box,9
1067,Josef Rusnak,9
2345,Jamaa Fanaka,9
2084,Morgan Neville,9
672,Rupert Wainwright,9
1865,Joshua Tickell,9
2016,Russell Friedenberg,9
1540,Ian Sharp,9
1338,Scott Kalvert,9
1171,Jamie Blanks,9
2366,Terron R. Parsons,9
1131,David Raynr,9
2101,Anthony Powell,9
741,Steve Boyum,9
1042,Rowdy Herrington,9
2205,Jacob Aaron Estes,9
2364,Bruno Barreto,9
1389,Sarik Andreasyan,9
953,Benson Lee,9
404,Tom Dey,9
1684,Walter Lang,9
909,Mennan Yapo,9
1874,Robby Henson,9
755,Ben Falcone,265
116,Paul Greengrass,521
207,Sydney Pollack,521
496,Denis Villeneuve,777
1102,Sara Sugarman,10
1686,Andrew Erwin,10
1112,Peter Atencio,10
1377,Andrew Traucki,10
1604,Stiles White,10
1866,Tim Boxell,10
1491,Vincent Paronnaud,10
2236,Kay Pollak,10
1455,Matty Rich,10
1294,Ray Lawrence,10
1743,Richard Raymond,10
1512,Bob Gosse,10
1546,Gary Hardwick,10
775,Saul Dibb,10
1590,James Cox,10
2089,Khalid Mohamed,10
557,Paul Weiland,10
2259,Gregory Widen,10
1884,Tay Garnett,10
2099,Paul Crowder,10
1753,Michael Gornick,10
1188,Bo Zenga,10
338,Daniel Lee,10
398,Kevin Bray,10
171,Mark Dindal,10
2179,Mark Sandrich,10
393,Peter MacDonald,10
1221,Stewart Hendler,10
1285,Philip Saville,10
664,Joe Charbanic,10
1081,Jesse Vaughan,10
193,Bibo Bergeron,10
243,Les Mayfield,10
283,David Pastor,10
1773,Luc Jacquet,10
1918,Huck Botko,10
1563,Jon Knautz,10
217,Genndy Tartakovsky,266
1997,Jeff Garlin,522
361,Kevin Donovan,11
1033,Robert Harmon,11
268,Yarrow Cheney,11
1437,Serdar Akar,11
1300,Floyd Mutrux,11
1317,Ciar�Án Foy,11
1433,Vipul Amrutlal Shah,11
1035,Gary Halvorson,11
2010,Dave Rodriguez,11
519,Lawrence Kasanoff,11
726,Ellory Elkayem,11
2036,Deryck Broom,11
1530,Ian Fitzgibbon,11
342,Demian Lichtenstein,11
2191,Amy Holden Jones,11
47,Rob Letterman,11
758,John Maybury,11
1886,Harmage Singh Kalirai,11
1115,Stephan Elliott,11
1569,Rick Bieber,11
1677,Shona Auerbach,11
1929,Hunter Richards,11
1806,Jill Sprecher,11
1857,Don Taylor,11
1094,Joel Gallen,11
1503,Aaron Schneider,11
1051,Julian Jarrold,11
1979,Dave Meyers,11
610,Christian Ditter,11
2079,Robert Kenner,11
767,Camille Delamarre,11
1137,Peter Cattaneo,11
252,James Algar,11
368,John Pasquin,11
600,Jeb Stuart,11
793,Sharon Maguire,11
1535,Caroline Link,11
417,Karey Kirkpatrick,11
1057,Perry Andelin Blake,11
1978,Brad J. Silverman,11
1275,Dan Mazer,11
2106,Nick Tomnay,11
1183,Stephen Carpenter,12
1493,Daniel Barber,12
341,Marco Schnabel,12
454,Richard Loncraine,12
687,Tom Vaughan,12
966,Matthew Diamond,12
1599,Michael McGowan,12
2213,Alex Smith,12
399,Mike Gabriel,12
1579,Martin Koolhoven,12
919,Todd Strauss-Schulson,12
2297,Ward Roberts,12
2188,Thomas Lilti,12
205,Walt Becker,12
879,Daniel Sackheim,12
1761,Andr̩ �÷vredal,12
2138,Allison Burnett,12
1464,David Jacobson,12
119,Tim Johnson,12
1701,R. Balki,12
1199,Sam Miller,12
88,Hoyt Yeatman,12
1029,John Fortenberry,12
1407,Stewart Raffill,12
1959,Carlos Carrera,12
737,Richard J. Lewis,12
867,Michael Dinner,12
2087,Marc Levin,12
441,Peter Hewitt,12
1118,Mike Nawrocki,12
2356,Julie Davis,12
2059,Regardt van den Bergh,12
1635,Brian Dannelly,12
2184,Richard Montoya,12
1341,Allan Arkush,13
1861,Alice Wu,13
115,David Soren,13
1958,Daniel Stamm,13
766,AgustÌ_n DÌ_az Yanes,13
1624,Joe Chappelle,13
816,Nigel Cole,13
419,Jim Gillespie,13
1726,Stefan Schwartz,13
1192,Ed Decter,13
521,Brian Gibson,13
1808,David Nixon,13
511,John Schultz,13
1881,Danny Steinmann,13
585,Geoffrey Sax,13
941,Chris Koch,13
1380,Kari Skogland,13
1164,Gregory Jacobs,13
1785,Joshua Marston,13
147,Dave Green,13
1998,Qasim Basir,13
2093,Scandar Copti,13
431,Paul Hunter,13
306,Mikael Salomon,13
1646,Fenton Bailey,13
2173,Randy Moore,13
886,Christian Carion,13
1529,Mark Tonderai,13
2088,Richard Dutcher,13
352,Jay Russell,13
1091,Jim Fall,13
637,Tommy O'Haver,13
1448,Peter R. Hunt,13
1000,Nicholas Hytner,13
859,George Gallo,269
2284,Michael Kang,269
1570,Joey Lauren Adams,781
2378,Collin Joseph Neal,14
433,John Whitesell,14
362,Geoff Murphy,14
1242,Jake Schreier,14
2181,Michael Wadleigh,14
2043,Steve Taylor,14
173,Stefen Fangmeier,14
1878,Jason Stone,14
308,Kerry Conran,14
1666,Mike Mayhall,14
1430,Tom Elkins,14
1327,Tuck Tucker,14
261,Antony Hoffman,14
620,Kevin Munroe,14
716,Troy Miller,14
1501,Matt Bettinelli-Olpin,14
769,Richard Eyre,14
2150,Rich Christiano,14
812,Bob Spiers,14
965,Angelo Pizzo,14
2326,Robinson Devor,14
1587,William Sachs,14
1266,Chuan Lu,14
576,Charles Shyer,14
983,Anand Tucker,14
1770,Mark Young,14
925,Jim Field Smith,14
2238,Sue Corcoran,14
488,Ted Kotcheff,270
2237,Eric England,15
2120,Robert Bennett,15
1157,Juraj Jakubisko,15
1293,Lisa Azuelos,15
1165,Gilles Paquet-Brenner,15
2314,Ricki Stern,15
1989,Newt Arnold,15
990,Andrew Douglas,15
1858,Leslie Small,15
1876,Dominic Burns,15
1972,Richard Boddington,15
1060,Diane English,15
1276,R.J. Cutler,15
934,Steve Rash,15
8,Nathan Greno,15
638,Peter Landesman,15
926,Thomas Bezucha,15
2149,Jamie Travis,15
1208,Mark Christopher,15
1197,Bronwen Hughes,15
1800,Patricia Cardoso,15
978,Mark Rosman,15
2300,Tom Putnam,15
516,Danny Pang,15
715,Stephen J. Anderson,15
1108,Michael Mayer,15
1825,Francesca Gregorini,15
1967,Tony Krantz,15
1248,Dean Israelite,16
143,Kirk De Micco,16
1477,James Nunn,16
1210,Jez Butterworth,16
1602,Dan Trachtenberg,16
625,Alan Poul,16
1524,Kim Nguyen,16
526,Roger Kumble,16
1672,Jeremy Brock,16
1121,Bryan Barber,16
2304,Lowell Sherman,16
674,Justin Zackham,16
1227,Je-kyu Kang,16
1459,Anna Boden,16
1231,Mike McCoy,16
271,David Kellogg,16
1882,Jon Gunn,16
915,Gregory Nava,16
1804,Anthony Hickox,16
1890,Petter NÌ_ss,16
277,Barry Levinson,272
1195,Preston A. Whitmore II,17
280,Florent-Emilio Siri,17
535,John Herzfeld,17
1321,Joseph Zito,17
822,Jeff Schaffer,17
1355,Derrick Borte,17
1405,Linda Mendoza,17
888,Rowan Joffe,17
1945,Phil Morrison,17
903,Thea Sharrock,17
2136,Ralph Nelson,17
977,Scott Walker,17
1030,Erik White,17
1243,Cheryl Dunye,17
918,Steve Beck,17
954,Glen Morgan,17
408,Paul King,17
1593,Hitoshi Matsumoto,17
2286,Stuart Hazeldine,17
1391,Gary Sherman,17
1156,Jake Paltrow,17
461,Beeban Kidron,17
830,Ringo Lam,17
1428,Ari Sandel,17
1574,Perry Lang,17
377,Harold Becker,17
1628,Gonzalo LÌ_pez-Gallego,17
1626,Fred Walton,17
644,Lasse Hallstr̦m,529
2307,Sherman Alexie,18
949,Charles T. Kanganis,18
1484,Charles Robert Carner,18
748,Fr̩d̩ric Auburtin,18
2371,William Eubank,18
896,John Duigan,18
1265,Alan Rudolph,18
2071,Harold Cronk,18
1807,Darren Stein,18
360,Sam Fell,18
1794,Adam Marcus,18
1798,Nnegest Likk̩,18
316,Kinka Usher,18
1052,Joe Nussbaum,18
264,Cody Cameron,18
555,Alejandro Agresti,18
2069,Bradley Parker,18
1613,George Miller,18
863,Richard Williams,18
1203,Daisy von Scherler Mayer,18
1096,Matt Williams,18
1839,Leon Ford,18
1739,Sean Byrne,18
2001,Pete Jones,18
653,Joachim R�ünning,18
593,David Carson,18
1142,Katja von Garnier,18
565,Christian Duguay,18
2392,Ivan Kavanagh,18
960,Marc Abraham,18
354,David McNally,18
56,Rupert Sanders,274
140,James L. Brooks,274
572,Stephen Kay,19
1159,Gabe Ib��̱ez,19
1732,Karim A�ønouz,19
1445,Tom Gormican,19
621,Michael Tollin,19
1642,Randall Miller,19
2274,Jack Perez,19
1222,John Cromwell,19
1261,Carroll Ballard,19
1056,Cyrus Nowrasteh,19
818,Jeremy Leven,19
182,Ericson Core,19
933,Shana Feste,19
1020,Cory Edwards,19
927,William Brent Bell,19
1827,Craig Moss,19
1629,Christine Jeffs,19
539,Sngmoo Lee,19
1538,Hans Petter Moland,19
627,Gil Junger,19
1307,Ken Annakin,19
1778,Nathan Frankowski,19
962,Mabrouk El Mechri,19
2180,Daniel Myrick,19
897,Colin Higgins,19
145,Cedric Nicolas-Troyan,19
1194,Eric Bress,19
1926,Bill Muir,19
1722,Gavin Wiesen,19
1771,Daniel Petrie Jr.,19
270,Pierre Coffin,275
1376,́lex de la Iglesia,275
1947,Tanner Beard,531
1359,Vincent Gallo,787
542,Asger Leth,20
185,Steve Martino,20
946,Mark Mylod,20
2078,Ben Lewin,20
913,Gary Nelson,20
1256,Jon Poll,20
2021,Alex Ranarivelo,20
1489,Jeta Amata,20
1871,John Murlowski,20
1675,Gabriela Tagliavini,20
802,Chris Nahon,20
1556,Raymond De Felitta,20
1225,Ethan Maniquis,20
2315,Nadia Tass,20
1667,Stanton Barrett,20
1498,Adam Brooks,20
552,Mark A.Z. Dipp̩,20
1107,Elizabeth Allen Rosenbaum,20
2239,Jonathan Caouette,20
22,Peter Berg,532
1970,Corey Grant,21
1719,Dave McKean,21
2154,Georg Wilhelm Pabst,21
1438,James Frawley,21
1476,Ol Parker,21
824,James Bridges,21
1789,Tod Williams,21
1298,Jon Kasdan,21
2171,Christopher Scott Cherot,21
712,Phil Joanou,21
1995,Henry Bean,21
248,Kelly Asbury,21
2207,Neema Barnette,21
1369,Rafa Lara,21
2094,Goran Dukic,21
760,Shinji Aramaki,21
887,David Palmer,21
662,Chris Gorak,21
2008,Robert Greenwald,21
798,John Polson,21
1983,Eytan Fox,21
1803,Mel Stuart,21
170,Gary Trousdale,21
1815,Leslye Headland,21
435,Neil Jordan,277
994,Audrey Wells,22
2060,Panos Cosmatos,22
457,Jon Hurwitz,22
652,Jean-Paul Rappeneau,22
837,Craig R. Baxley,22
1641,Xavier Beauvois,22
1039,Sidney J. Furie,22
1322,Patricia Rozema,22
1064,Nick Gomez,22
1079,J̩r̫me Salle,22
1760,Salvador Carrasco,22
582,Christian Alvart,22
1914,Marielle Heller,22
285,Kyle Balda,22
1755,Robert Eggers,22
577,Ulu Grosbard,22
1487,Sacha Bennett,22
987,Emile Ardolino,22
1047,Jack Smight,22
1779,Karen Moncrieff,22
220,Nancy Meyers,278
596,Norman Jewison,278
508,Julie Taymor,278
651,Moustapha Akkad,278
591,Charles S. Dutton,534
1637,J.S. Cardone,23
527,Burr Steers,23
743,Corey Yuen,23
1492,Dennis Gansel,23
804,Bille Woodruff,23
1499,Michael Anderson,23
1517,Aleksey German,23
686,Michael Sucsy,23
2076,Allan Dwan,23
589,Jeff Nathanson,23
103,Dean Parisot,23
514,Simon Wincer,23
1326,Neal Brennan,23
1356,Richard Kwietniowski,23
971,Jane Clark,23
628,Michael Ritchie,23
163,Peter Chelsom,23
380,Tony Bill,23
976,Jonathan Jakubowicz,23
1059,Sheldon Lettich,23
448,Angela Robinson,23
1460,Steve James,23
1796,Benny Boom,23
704,Tim McCanlies,23
2124,Kevin Hamedani,23
853,Mario Van Peebles,535
635,Susanna White,24
1522,Richard Rich,24
302,M̴ns M̴rlind,24
1717,Jeff Franklin,24
2194,Joe Camp,24
1155,Stefan Ruzowitzky,24
633,Mike Hodges,24
904,Jon Lucas,24
719,Alister Grierson,24
1364,Dan Harris,24
1856,Tommy Lee Wallace,24
1385,Vic Sarin,24
2234,Lloyd Bacon,24
820,Troy Nixey,24
1745,George Sidney,24
1616,Frank Perry,24
1136,Tina Gordon Chism,24
364,Babak Najafi,24
930,Henry Joost,24
876,Jessie Nelson,24
1415,Andr̩ T̩chin̩,25
253,Vincent Ward,25
910,Jun Falkenstein,25
2275,Craig Zobel,25
1250,Scott Alexander,25
558,Colin Strause,25
617,Wilson Yip,25
1588,Christophe Barratier,25
1976,Ritesh Batra,25
344,Tim Hill,25
877,Christopher Spencer,25
95,Simon Wells,25
724,Jean-Fran̤ois Richet,25
1007,Matthew Robbins,25
1397,Kriv Stenders,25
968,David Anspaugh,25
1348,Terence Davies,25
1619,Richard Glatzer,25
2309,Stevan Mena,25
1609,David Gelb,26
923,Andrew Fleming,26
2381,Andrew Bujalski,26
677,Hyung-rae Shim,26
1367,Jake Scott,26
1053,Vadim Perelman,26
179,Pitof,26
1603,David F. Sandberg,26
1456,Fina Torres,26
1058,Christian E. Christiansen,26
1819,Deon Taylor,26
1457,Duke Johnson,26
10,David Yates,282
2052,Ossie Davis,282
1486,Claude Miller,27
1818,Kate Connor,27
1247,Nicholas Jarecki,27
276,Gil Kenan,27
851,Sergey Bondarchuk,27
1315,Greg Coolidge,27
808,Dwight H. Little,27
1653,Eli Craig,27
828,Carter Smith,27
1013,Mike Marvin,28
1328,Theodore Witcher,28
1099,Rick Rosenthal,28
1951,Tim Hunter,28
1219,Benedek Fliegauf,28
1413,Ole Christian Madsen,28
1764,Warren P. Sonoda,28
2141,Kat Coiro,28
1966,Khyentse Norbu,28
1002,William A. Fraker,28
1790,Jack Sholder,28
221,Roger Allers,28
1070,Bruce Paltrow,28
1606,Henry Koster,28
358,Chris Butler,28
68,Hideaki Anno,28
300,Gary Shore,28
921,Nelson McCormick,29
1075,Jessy Terrero,29
510,John Gray,29
1215,Jon Hess,29
528,John Hamburg,29
575,Dennie Gordon,29
1304,Shintaro Shimosawa,29
492,P.J. Hogan,29
1750,Dagur K�Ári,29
1098,Dennis Iliadis,29
1877,Carmen Marron,29
803,Fred Wolf,29
2041,David Boyd,29
2139,Richard Schenkman,29
505,Peter Howitt,29
313,Joseph Ruben,29
1092,Ric Roman Waugh,29
167,Adam McKay,285
133,Joel Schumacher,541
1566,Sam Peckinpah,541
1516,Shari Springer Berman,30
2252,Henry Alex Rubin,30
537,Julie Anne Robinson,30
1045,Andrea Di Stefano,30
721,Charles Stone III,30
1465,Michael Corrente,30
1050,Steven Shainberg,30
2166,David LaChapelle,30
2296,Kristin Rizzo,30
785,Bob Rafelson,30
244,Joe Pytka,30
290,David Silverman,30
713,Shane Acker,30
623,Gary David Goldberg,30
835,Ole Bornedal,30
347,Marc Lawrence,30
1400,Ferzan Ozpetek,798
2169,Ryan Fleck,31
184,Ron Underwood,31
465,Andrew Bergman,31
1909,Max Joseph,31
929,Jessica Bendinger,31
311,Phil Alden Robinson,31
1901,Robert Rossen,31
1106,Joe Berlinger,31
587,Peter Ho-Sun Chan,31
985,Michael Dowse,31
1004,Courtney Solomon,31
61,Mike Mitchell,31
649,Ronny Yu,31
1541,Wolfgang Becker,31
1331,Michael Patrick Jann,31
655,Ken Scott,31
1452,Erik Canuel,31
259,Joe Dante,287
407,John Frankenheimer,287
1205,Bob Saget,799
1024,Brian A Miller,32
2220,Michael Hoffman Jr.,32
2109,Becky Smith,32
356,Brian Levant,32
2211,Tom DiCillo,32
2359,Brandon Trost,32
2293,Matt Cimber,32
1246,Wallace Wolodarsky,32
840,Marcos Siega,32
476,Patrick Read Johnson,32
1217,John H. Lee,32
518,Oliver Parker,32
718,Brett Leonard,32
1898,Chia-Liang Liu,32
2144,Maryam Keshavarz,32
917,Joshua Logan,32
1924,Jugal Hansraj,32
1366,Bobcat Goldthwait,800
1949,Derick Martini,20000
1233,Tamra Davis,33
570,Joseph Kahn,33
2018,Lucrecia Martel,33
982,Brian Percival,33
986,Daniel Barnz,33
2250,Franck Khalfoun,33
2083,Courtney Hunt,33
415,Ron Maxwell,33
74,James Bobin,33
216,Paul W.S. Anderson,545
487,Penny Marshall,545
1124,Brian Koppelman,34
1862,Sarah Gavron,34
1347,Peter Medak,34
1917,Bob Giraldi,34
160,Bo Welch,34
881,Uli Edel,34
386,Iain Softley,34
1170,Vidhu Vinod Chopra,34
1658,Klaus Menzel,34
792,Michael Pressman,34
1279,John Crowley,34
720,Nick Hurran,34
1545,Jerome Robbins,34
1014,Gregor Jordan,34
682,Ariel Vromen,34
1073,Kenneth Johnson,34
569,Irwin Winkler,34
673,John Luessenhop,34
453,Jorge R. Guti̩rrez,34
2011,Nae Caranfil,34
1202,Michael Polish,35
678,Don Scardino,35
1103,Juan Carlos Fresnadillo,35
924,Michael Spierig,35
1426,Roger Vadim,35
80,Eric Darnell,35
663,Scott Speer,35
612,Fedor Bondarchuk,35
2397,Shane Carruth,291
592,Jonathan Lynn,36
1120,Douglas Aarniokoski,36
230,Jon Amiel,36
1440,Jonathan Dayton,36
1323,Rob Schmidt,36
2330,Bill Melendez,36
665,Jonathan Hensleigh,36
832,Patricia Riggen,36
333,Michael Lehmann,36
1153,Darrell Roodt,36
1032,Jason Moore,36
218,Kevin Lima,36
1441,Chris Stokes,548
668,Richard Marquand,37
1617,Jesse Peretz,37
2015,Tara Subkoff,37
501,Garth Jennings,37
578,William Malone,37
27,Dan Scanlon,37
381,Rod Lurie,37
1880,Jaco Booyens,37
632,Hugh Wilson,37
52,Tom Shadyac,293
1325,Morgan Spurlock,293
858,Grant Heslov,293
722,Paul Haggis,549
513,Susan Stroman,38
732,Chris Roberts,38
2160,Ryan Little,38
2217,Alex Craig Mann,38
1994,Maggie Carey,38
1534,Louis Morneau,38
63,Don Hall,38
460,Alexander Witt,38
502,Joel Zwick,38
318,Rob Bowman,38
1069,Ronald Neame,38
1550,Rusty Cundieff,38
1786,John Gulager,38
1316,David Lowery,38
1539,Oren Moverman,38
956,Alejandro Monteverde,38
614,Steve Pink,38
1001,Bart Freundlich,38
232,Pete Travis,38
1930,Laurie Collyer,38
2389,Daryl Wein,38
139,Jos̩ Padilha,294
449,Gary Fleder,39
1223,Mark Herman,39
405,Jimmy Hayward,39
1837,Susan Seidelman,39
400,Sam Weisman,39
920,John McNaughton,39
376,Robert Lorenz,39
1831,Darin Scott,39
1782,Laurent Cantet,39
105,Alex Proyas,295
247,Eric Brevig,40
1254,Fred Schepisi,40
303,Gregory Hoblit,40
708,John R. Leonetti,40
1816,Bobby Roth,40
819,Sylvain White,41
861,Douglas McGrath,41
282,Ron Shelton,41
456,Howard Deutch,41
288,Steve Carr,41
666,Danny Cannon,41
1793,Tom McLoughlin,41
1768,Jay Oliva,41
109,Breck Eisner,42
96,David Bowers,42
483,Chuck Bowman,42
547,Ken Kwapis,42
1277,David S. Ward,42
964,Nancy Walker,42
626,Luke Greenfield,42
1519,Richard E. Grant,554
1090,James Watkins,43
772,Sanaa Hamri,43
779,Menno Meyjes,43
301,Andrzej Bartkowiak,43
683,Lewis Gilbert,43
257,Barry Cook,43
889,John Curran,43
330,Glenn Ficarra,43
1473,Claudia Llosa,43
703,Lee Toland Krieger,43
598,Luis Mandoki,43
1408,Hong-jin Na,43
1787,Brandon Cronenberg,43
436,Rawson Marshall Thurber,43
1513,Alex Zamm,43
1424,Mark Rydell,43
1291,David Hackl,43
2268,Paul Bartel,43
1668,JirÌ_ Menzel,44
989,James Schamus,44
2253,Sam Firstenberg,44
1173,Rick Famuyiwa,44
1991,Fabi�Án Bielinsky,44
194,Sergey Bodrov,44
421,Richard Lester,44
2267,John D. Hancock,44
317,Craig Gillespie,44
1089,Gillian Armstrong,44
761,Miguel Arteta,44
873,Mira Nair,300
414,Karyn Kusama,45
742,Kaige Chen,45
2281,Bill Plympton,45
1728,Jorge RamÌ_rez Su�Árez,45
1133,Dan Curtis,45
1264,Lajos Koltai,45
1805,Tom Schulman,45
1462,Tomm Moore,45
269,Stephen Norrington,45
245,Scott Derrickson,301
660,Hugh Hudson,46
1660,Paul Andrew Williams,46
2081,Sean Durkin,46
533,John Glen,46
1402,Ben Younger,46
969,Andrew Jarecki,46
1365,Mel Smith,302
349,Wes Ball,47
699,Ted Demme,47
60,Carl Rinsch,47
586,Richard Shepard,47
795,Gabor Csupo,47
688,Stephen Hillenburg,47
1041,Wayne Kramer,47
1957,Jamal Hill,47
1065,Allen Coulter,47
1757,Gideon Raff,47
825,Steve Barron,48
355,Brian Robbins,48
1759,Anthony C. Ferrante,48
631,Michael Rymer,48
599,Lee Daniels,304
783,Michael Cristofer,49
1031,Chris Robinson,49
601,Steve Miner,49
1523,Robert C. Cooper,49
1182,Davis Guggenheim,49
497,Thomas Carter,49
499,Luis Llosa,49
1271,David Winters,49
2004,Bruce McDonald,49
1554,Brian Klugman,49
1342,Eric Bross,49
1128,RZA,561
98,Rob Minkoff,50
1187,Kenneth Lonergan,50
1399,Floria Sigismondi,50
2115,Amat Escalante,50
2097,Joshua Oppenheimer,50
75,Chris Miller,50
1228,William Dear,50
455,Christophe Gans,50
498,Roger Michell,50
359,Jon Avnet,50
590,S.S. Rajamouli,50
727,Niki Caro,51
1557,John Michael McDonagh,51
1191,Theodore Melfi,51
395,Sean Anders,51
2,Gore Verbinski,563
1608,Christopher Landon,52
893,Katt Shea,52
606,Kirk Jones,52
102,Peter Ramsey,52
180,Brad Silberling,52
1139,Mary Lambert,52
1645,Michael Cuesta,52
1028,Kevin Greutert,52
1177,James Isaac,52
2282,Drake Doremus,52
561,Jake Kasdan,52
534,Catherine Hardwicke,308
2133,Robert Hall,53
883,Brian Trenchard-Smith,53
1471,Robert Moresco,53
740,Michael Radford,53
1920,Mitchell Lichtenstein,53
374,Stuart Baird,53
434,George Nolfi,53
916,John Patrick Shanley,53
814,John Wells,53
1846,Alex van Warmerdam,53
1239,Brian Henson,53
1731,Jim Mickle,53
945,Billy Ray,53
1354,Rakesh Roshan,53
1864,James Ponsoldt,53
764,Robert B. Weide,53
1703,Cecil B. DeMille,309
265,John Singleton,309
778,E. Elias Merhige,54
841,Rachel Talalay,54
1436,Mervyn LeRoy,54
831,Bruce McCulloch,54
556,Peter Hedges,54
1547,King Vidor,54
117,Mark Osborne,54
322,Michael Lembeck,54
1114,Derek Cianfrance,310
911,Tom McCarthy,310
1544,Robert Stevenson,55
650,Bille August,55
1736,Ruba Nadda,55
150,Roger Spottiswoode,55
168,Chuck Russell,55
530,Joseph L. Mankiewicz,311
1591,James Toback,56
1912,Ari Folman,56
2346,Larry Blamire,56
236,Gary Winick,56
566,Justin Chadwick,56
41,Mark Andrews,56
714,Martha Coolidge,57
2117,Katherine Brooks,57
164,Dominic Sena,57
1297,Jaume BalaguerÌ_,57
935,Mike Binder,57
1048,Todd Lincoln,57
1647,Jeremy Saulnier,57
1791,Ted Post,57
834,Jonathan Kaplan,57
1633,Frank Borzage,57
92,Steve Hickner,58
2335,Amal Al-Agroobi,58
1319,Olatunde Osunsanmi,58
1993,Rebecca Miller,58
1190,Christopher Cain,58
1514,Spencer Susser,58
54,Kevin Reynolds,58
466,Barbet Schroeder,58
2023,David Worth,58
1288,Martin Ritt,58
1576,William Kaufman,58
1730,Fernando LeÌ_n de Aranoa,58
425,Phyllida Lloyd,58
1670,Nick Murphy,58
401,Jesse Dylan,58
810,Kirsten Sheridan,59
1809,Jason Eisener,59
87,Byron Howard,59
1610,Mike Flanagan,59
346,Brenda Chapman,59
751,Liliana Cavani,59
418,Steve Antin,59
67,James Gunn,571
1724,Mars Callahan,60
1346,John Putch,60
1260,Ira Sachs,60
1226,George Hickenlooper,60
1255,Antonia Bird,61
402,Wayne Wang,61
675,John Gatins,61
749,Olivier Dahan,61
406,Alan Parker,317
440,Hideo Nakata,62
1483,Tony Richardson,62
997,Jody Hill,62
2393,Kiyoshi Kurosawa,62
149,Brad Peyton,62
1334,Lorene Scafaria,63
2290,Jamin Winans,63
262,Jacques Perrin,63
1953,Jehane Noujaim,63
1337,Fran̤ois Girard,63
161,Ron Clements,63
1700,Nick Love,63
1253,Jane Campion,319
1582,Prachya Pinkaew,64
757,Don Mancini,64
258,Roger Christian,64
905,Aaron Seltzer,64
1283,Simon Curtis,64
1345,Luca Guadagnino,64
345,David Frankel,64
999,Kevin Tancharoen,64
254,Steven Brill,65
392,Stephen Herek,65
1306,James DeMonaco,65
493,Brad Furman,65
2012,David Winning,65
765,Jeff Wadlow,65
1854,Joe Cross,65
1439,Dan Gilroy,66
2148,Tommy Oliver,66
1236,John Erick Dowdle,66
1824,Lance Kawas,66
64,Rich Moore,66
1093,Michael Dougherty,66
1636,Denys Arcand,66
339,Keenen Ivory Wayans,322
154,Raja Gosnell,67
1855,Dinesh D'Souza,67
1163,Julien Temple,67
1249,Darnell Martin,67
131,John McTiernan,323
525,Gus Van Sant,835
1154,Dito Montiel,68
1689,Jonas �Ékerlund,68
807,Steve Bendelack,68
1425,David E. Talbert,68
1974,Steven R. Monroe,68
1360,Claude Chabrol,324
1712,DJ Pooh,69
83,Chris Buck,69
251,Henry Jaglom,69
1746,Christopher Morris,69
295,Clark Johnson,69
197,Mark Waters,70
481,James Wong,70
1318,Salim Akil,70
823,Don Michael Paul,70
1801,Damien O'Donnell,70
1145,Michael Chapman,70
912,Takashi Shimizu,70
509,Mathieu Kassovitz,326
540,Jamel Debbouze,326
529,Reginald Hudlin,71
1370,Arthur Hiller,71
2092,Gia Coppola,71
428,David Dobkin,71
480,Patrick Lussier,71
839,John Guillermin,71
2206,Eric Schaeffer,71
855,Herbert Ross,71
781,Scott Frank,71
279,Andy Tennant,72
334,Stuart Beattie,72
993,Terry Zwigoff,72
588,Joon-ho Bong,584
467,Peter Webber,73
1116,Mark L. Lester,73
1478,David Webb Peoples,73
462,Carl Franklin,73
959,Paul Gross,329
2019,Edward Dmytryk,74
2103,Johnny Remo,74
1826,Marcio Garcia,74
1720,Ron Fricke,330
1971,Lucky McKee,75
984,Anthony Mann,75
450,Tommy Wirkola,75
237,Mimi Leder,75
1235,Franklin J. Schaffner,76
1269,Christopher Smith,76
739,Niels Arden Oplev,76
320,Scott Waugh,76
1850,Nacho Vigalondo,76
1087,Morten Tyldum,77
458,Steven Quale,77
2272,�ätienne Faure,77
175,Chris Wedge,77
241,Anthony Minghella,333
475,Costa-Gavras,333
1900,Alex Kendrick,589
274,Antoine Fuqua,845
967,Katsuhiro �Ótomo,78
1817,Tim Heidecker,78
872,Jon Cassar,78
1453,Troy Duffy,78
545,Bruce Beresford,78
1312,Michael Schultz,78
958,J.C. Chandor,78
146,Roger Donaldson,79
219,Daniel Espinosa,79
452,Stephen Gaghan,79
211,Alan J. Pakula,79
900,Jeff Tremaine,79
564,Stephen Daldry,335
204,Timur Bekmambetov,335
1036,Antoine Fuqua,847
543,John G. Avildsen,80
996,Sean McNamara,80
166,Paul Weitz,80
14,Andrew Adamson,80
372,Donald Petrie,80
1592,Aki KaurismÌ_ki,592
862,Kevin Spacey,18000
1100,Denzel Washington,18000
1705,Mike Figgis,81
1836,Isaac Florentine,81
210,Mick Jackson,81
249,Stephen Hopkins,81
1906,Debra Granik,81
196,Rupert Wyatt,81
1009,Jeff Nichols,337
1361,Jon Stewart,593
901,Jeannot Szwarc,82
1308,Carol Reed,82
640,Craig Mazin,82
1577,C̩dric Klapisch,82
813,Damien Dante Wayans,82
409,Akiva Schaffer,82
706,Jason Friedberg,82
1496,Guy Hamilton,82
618,Robert Wise,338
2061,Gareth Evans,338
936,Michael J. Bassett,83
396,Mark Neveldine,83
1021,Terry George,83
1212,Patrice Leconte,83
2037,Henry Hathaway,83
1110,John Ottman,83
66,Jonathan Mostow,84
292,Betty Thomas,84
1812,Michael Landon Jr.,84
951,Bob Clark,84
1847,Pawel Pawlikowski,84
391,Tim Miller,84
1925,Danny Provenzano,84
1404,Tamara Jenkins,84
1286,Tim Blake Nelson,596
59,Roland Joff̩,596
1176,Tom Holland,85
1594,Rakeysh Omprakash Mehra,85
503,Russell Mulcahy,85
1795,John Maclean,85
646,Hark Tsui,85
1907,Henry King,85
1911,Kevin Tenney,85
1458,Fran̤ois Ozon,341
856,Bonnie Hunt,597
186,David Mamet,342
1022,Xavier Gens,87
329,Will Gluck,87
882,Fred Dekker,87
208,Thor Freudenthal,87
1335,Marcus Dunstan,87
2020,Zak Penn,87
1977,Sally Potter,87
707,Paul Michael Glaser,343
658,George Tillman Jr.,88
231,Peter Segal,88
1961,J. Lee Thompson,88
1071,Adam Rifkin,89
1631,Michael Tiddes,89
1748,Peter Stebbings,89
532,Mark Pellington,89
1018,Rodrigo Cort̩s,89
1814,Whit Stillman,89
1897,Robert Mulligan,89
551,Nicholas Stoller,89
1620,Michael Curtiz,345
93,Jennifer Yuh Nelson,90
1179,Josh Schwartz,90
1915,David Sington,90
641,Allen Hughes,90
1472,Thomas Vinterberg,346
2390,Jason Trost,91
384,Harald Zwart,91
238,Seth Gordon,91
2040,Jamie Babbit,91
412,Peter Lord,91
1905,Elia Kazan,603
256,Lucile Hadzihalilovic,92
1122,Lone Scherfig,92
579,Malcolm D. Lee,92
494,Terence Young,92
1990,Alex Cox,92
99,Lee Tamahori,93
1160,Gerry Lively,93
1374,Kim Farrant,93
21,Anthony Russo,94
491,Stephen Frears,350
2193,Pan Nalin,95
410,William Friedkin,607
125,Tom McGrath,96
615,Scott Hicks,96
214,Andrey Konchalovskiy,96
1833,Monte Hellman,96
1138,Vicky Jenson,96
955,Mike Leigh,608
111,Peter Weir,608
201,Phil Lord,97
979,Rob Hawk,97
1928,Brian Yuzna,97
789,Michael Hoffman,97
788,Fernando Meirelles,353
544,Anne Fletcher,98
1685,Carlos Saura,98
477,Richard LaGravenese,98
1383,Gurinder Chadha,98
134,John Woo,610
226,Andrew Davis,99
1715,Allison Anders,99
560,Greg Mottola,99
445,Andy Fickman,99
1634,Mamoru Hosoda,99
1888,William Wyler,355
187,Yimou Zhang,611
671,Jared Hess,100
2337,Lynn Shelton,100
1718,Mike Mills,101
266,Oliver Hirschbiegel,101
2324,Melvin Van Peebles,101
307,Bobby Farrelly,101
310,Mikael H̴fstr̦m,101
156,Jan de Bont,101
1721,Ruggero Deodato,101
50,Rob Cohen,357
429,Milos Forman,869
2003,Adam Carolla,102
225,Martin Brest,102
199,John Lee Hancock,102
1343,Dan Fogelman,102
1698,Peter DeLuise,358
1741,Bruce Macdonald,103
1751,Jim Abrahams,104
49,Martin Scorsese,17000
1350,Tom Brady,105
2128,Michael Taliferro,105
871,Anne Fontaine,105
309,Michael Caton-Jones,105
128,Carlos Saldanha,107
1104,Gina Prince-Bythewood,107
1211,Olivier Assayas,107
397,John Madden,108
422,Scott Cooper,108
694,Chris Noonan,108
805,Victor Salva,108
710,Kimberly Peirce,108
29,Joseph Kosinski,364
1184,James Fargo,109
278,Jerry Zucker,109
1463,John Carney,109
1006,Istv�Án SzabÌ_,109
624,Tobe Hooper,365
23,Colin Trevorrow,365
2232,Lloyd Kaufman,365
723,Kurt Wimmer,110
1384,Jason Connery,110
1659,Oren Peli,110
1553,Risa Bramon Garcia,112
2086,Greg Berlanti,112
33,McG,368
657,Hayao Miyazaki,6000
40,Peter Sohn,113
1072,Susanne Bier,369
868,Joseph Sargent,114
725,Kevin Hooks,114
762,James Gray,115
1216,Joe Cornish,115
1879,Jerry Rees,115
613,Irvin Kershner,883
1396,Anurag Basu,116
1172,Randal Kleiser,116
190,Jay Roach,116
482,Richard Curtis,628
2374,Malcolm Goodwin,117
242,Albert Hughes,117
1769,Charles Ferguson,117
1037,Nicholas Ray,117
2320,Majid Majidi,373
484,Olivier Megaton,118
524,Paul McGuigan,118
1117,Tom Green,374
857,Neil LaBute,119
495,David Zucker,119
327,Larry Charles,119
1113,David Nutter,119
485,Deepa Mehta,375
486,Warren Beatty,631
2395,Thomas L. Phillips,120
770,Nicholas Meyer,120
1095,James Marsh,120
1709,John Sturges,120
1813,Andrea Arnold,121
836,Richard Benjamin,121
2311,Chris Marker,121
1690,Todd Solondz,377
1144,Brad Anderson,122
899,Penelope Spheeris,122
1252,Christopher Guest,378
215,Gary Ross,378
2313,Marianna Palka,123
138,David Twohy,123
1008,Hal Needham,379
127,Robert Schwentke,124
574,Elaine May,124
1842,Rajkumar Hirani,124
378,Scott Stewart,124
2214,Gareth Edwards,380
104,Edward Zwick,380
388,Uwe Boll,892
403,Gabriele Muccino,125
32,Lee Unkrich,125
944,George Stevens,126
275,Robert Luketic,126
2058,Guy Maddin,126
1451,Mary Harron,126
1088,Andr̩s Muschietti,127
1488,Rodrigo GarcÌ_a,127
192,Michael Patrick King,127
281,Don Bluth,383
1003,John Boorman,128
148,Josh Trank,128
169,Quentin Tarantino,16000
326,Clint Eastwood,16000
1916,Kelly Reichardt,129
692,Jonathan Levine,129
20,Chris Weitz,129
1537,Zal Batmanglij,129
1152,Ry�Èhei Kitamura,129
2242,Lucio Fulci,385
2070,Clive Barker,385
181,Patrick Hughes,385
297,Randall Wallace,130
811,Richard Fleischer,130
112,Bill Condon,386
1543,George Roy Hill,131
2321,Andrew Haigh,131
5,Doug Walker,131
390,John Dahl,131
1241,Josh Boone,131
1469,Andrew Wilson,387
1352,Noah Baumbach,387
559,Joan Chen,643
1454,Nicole Holofcener,132
667,Boaz Yakin,132
1143,Mark Romanek,132
1434,Ken Loach,644
459,John Landis,644
538,Evan Goldberg,133
774,Philip Kaufman,133
629,Steven E. de Souza,133
1074,James Ivory,133
472,John Stockwell,134
1853,Stanley Donen,134
1324,Robert Ben Garant,134
1999,Adam Green,134
2030,Sadyk Sher-Niyaz,135
2095,Mike Cahill,135
1749,Vincente Minnelli,136
670,David Wain,136
2066,Douglas Trumbull,136
1461,Michael Winner,136
1,James Cameron,11912
1729,Dan Ireland,137
1054,Peter Farrelly,137
1797,Howard Hawks,393
70,Matthew Vaughn,905
1559,Zach Cregger,138
2377,Travis Legge,138
332,Taylor Hackford,138
91,Joe Johnston,394
382,Walter Hill,394
773,Todd Graff,650
298,Jonathan Frakes,906
1580,Charles Matthau,139
1230,John Badham,139
1214,Stephen Chbosky,139
13,Marc Forster,395
895,Tomas Alfredson,140
1776,Damien Chazelle,141
2098,Alex Gibney,141
1149,Hsiao-Hsien Hou,141
2391,Jafar Panahi,397
943,Michael Moore,909
2125,David DeCoteau,142
1693,Johnnie To,143
957,Jonathan Glazer,143
942,Amy Heckerling,143
1181,Todd Field,143
394,Anthony Hemingway,143
1605,Eugenio Derbez,399
690,Jason Reitman,655
845,Giuseppe Tornatore,911
771,Callie Khouri,144
2312,Carl Theodor Dreyer,147
1398,Yash Chopra,147
1849,Stacy Peralta,147
1863,Isabel Coixet,148
442,Joe Roth,148
622,Patrick Tatopoulos,148
1023,Kasi Lemmons,148
1742,Victor Fleming,149
730,Gavin O'Connor,149
1904,Chris Eyre,149
1055,Michel Hazanavicius,405
1213,Paul Mazursky,150
717,Tate Taylor,150
78,Michael Apted,150
1232,Mike Judge,406
2222,Georgia Hilton,406
891,Trey Parker,406
1012,Zack Ward,662
137,Neill Blomkamp,662
907,Ava DuVernay,151
82,Gavin Hood,151
1432,John Sayles,407
62,Brad Bird,663
1630,Don Coscarelli,152
443,Bennett Miller,152
1841,John Carl Buechler,152
1442,Don Siegel,152
2340,Nate Parker,664
709,Tom Hanks,15000
158,Frank Coraci,153
1130,Craig Brewer,153
240,D.J. Caruso,154
829,John Schlesinger,154
439,Frank Marshall,155
1479,Michael Winnick,155
2056,Jeff Burr,155
1257,Paolo Sorrentino,667
2122,Lori Petty,923
2022,Mathieu Amalric,412
1204,Lenny Abrahamson,412
1406,Hart Bochner,157
1015,Tran Anh Hung,157
1344,Jay Duplass,157
2386,Marcus Nispel,158
178,Tom Tykwer,670
413,Shekhar Kapur,159
1508,Lynne Ramsay,159
550,Nick Cassavetes,415
1175,Franco Zeffirelli,160
1295,Karan Johar,160
446,James McTeigue,160
504,David R. Ellis,160
136,Mark Steven Johnson,160
1571,Fred Zinnemann,160
48,Jon Favreau,4000
424,Curtis Hanson,161
1783,John Ford,673
1078,Gaspar No̩,929
1903,Sylvain Chomet,162
961,Todd Haynes,162
844,Robert Towne,162
371,Kevin Macdonald,162
1410,Dario Argento,930
1362,Bigas Luna,163
239,Adam Shankman,163
2142,Cristian Mungiu,163
1305,Darren Lynn Bousman,163
733,Jee-woon Kim,419
1714,Roger Avary,675
1125,James Foley,164
549,Etan Cohen,164
26,Brett Ratner,420
172,Simon West,165
728,Vincenzo Natali,165
1026,George Cukor,165
367,Griffin Dunne,165
1896,David Robert Mitchell,421
1234,Nima Nourizadeh,166
426,Jay Chandrasekhar,422
135,Tim Story,167
383,Akiva Goldsman,167
222,Neil Burger,168
1955,Remo,168
246,Ivan Reitman,425
42,Justin Lin,681
1429,Vondie Curtis-Hall,170
643,Peter Yates,170
517,George P. Cosmatos,170
57,Robert Stromberg,171
573,J.A. Bayona,171
312,David Slade,171
2143,Brian Dorton,171
1076,Dany Boon,172
444,Jaume Collet-Serra,174
1754,Richard Brooks,174
2339,David Hewlett,686
337,Baltasar Korm�Ákur,175
2227,Joel Paul Reisig,431
331,David S. Goyer,687
120,Phillip Noyce,176
432,Steve Oedekerk,176
1393,Stanley Kramer,176
100,Paul Feig,176
884,Blake Edwards,688
39,Steven Spielberg,14000
35,J.J. Abrams,14000
1737,Howard Hughes,177
1332,Jorma Taccone,434
992,Vic Armstrong,179
37,Mike Newell,179
385,Walter Salles,179
430,Pierre Morel,180
336,Frank Miller,436
2114,Frank Whaley,436
744,Andrew Dominik,181
776,Walter Murch,181
369,Ruben Fleischer,181
250,Jonathan Demme,438
1889,Larry Clark,184
1600,Liv Ullmann,440
1167,Lars von Trier,3000
314,Seth MacFarlane,3000
1615,Robert Duvall,3000
1695,Lukas Moodysson,187
791,Michael Winterbottom,187
1960,Benh Zeitlin,188
611,Charles Martin Smith,188
16,Barry Sonnenfeld,188
90,Christopher McQuarrie,188
1820,Jason Alexander,700
865,Tony Goldwyn,956
81,Shawn Levy,189
648,Lexi Alexander,189
227,Bob Fosse,189
1150,Andrey Zvyagintsev,445
554,NimrÌ_d Antal,190
141,James Mangold,446
1988,Adrienne Shelly,191
387,David Koepp,192
1504,Tom Ford,192
630,Alexandre Aja,192
315,Alejandro Amen�Ábar,448
654,Tony Kaye,194
1708,Lisa Cholodenko,450
890,Juan Jos̩ Campanella,195
817,Dexter Fletcher,452
51,David Ayer,452
350,Ryan Murphy,708
1788,Frank Capra,964
669,Neil Marshall,197
353,Kenny Ortega,197
647,David Ayer,453
58,Matt Reeves,198
1135,Martin McDonagh,454
763,Janusz Kaminski,710
2074,Russ Meyer,199
1467,Keith Gordon,200
546,Sam Taylor-Johnson,456
97,Joe Wright,456
25,Tim Burton,13000
932,Alfred Hitchcock,13000
234,Sylvester Stallone,13000
1038,Fede Alvarez,201
2365,Lena Dunham,969
2247,D.W. Griffith,204
1656,Morgan J. Freeman,204
843,Atom Egoyan,460
799,Bernardo Bertolucci,973
176,Florian Henckel von Donnersmarck,207
130,Paul Verhoeven,719
55,Stephen Sommers,208
18,Marc Webb,464
85,Ron Howard,2000
335,Roman Polanski,2000
1828,Michael Jai White,2000
108,Jon M. Chu,209
132,Tony Gilroy,209
914,Anton Corbijn,210
2344,Robert Townsend,467
645,Jean-Marc Vall̩e,212
198,John Moore,212
200,Renny Harlin,212
213,John Milius,468
451,Adrian Lyne,213
838,John Hillcoat,214
1611,Nat Faxon,214
2163,Ben Wheatley,214
1251,Stuart Gordon,216
1549,Sammo Kam-Bo Hung,472
1586,Joseph Gordon-Levitt,23000
2208,Joe Swanberg,217
273,F. Gary Gray,473
89,Jonathan Liebesman,473
691,Alexander Payne,729
53,Doug Liman,218
223,Jean-Jacques Annaud,218
1497,Jonathan Liebesman,474
827,Richard Kelly,219
6,Andrew Stanton,475
1224,Abel Ferrara,220
206,Dennis Dugan,221
1597,Shane Meadows,222
1567,Michael Crichton,735
2129,Katie Aselton,224
235,Todd Phillips,480
854,Leonard Nimoy,12000
2026,Steve Buscemi,12000
165,Tony Scott,12000
363,David O. Russell,737
72,Jon Turteltaub,226
1244,Ernest R. Dickerson,226
1311,Leigh Whannell,482
1725,Leos Carax,227
1542,Dan O'Bannon,228
2006,Jaime Zevallos,228
77,Alan Taylor,230
30,John Lasseter,487
468,Andrew Niccol,487
1200,Alex Garland,232
1180,Julian Schnabel,232
296,Cameron Crowe,488
1683,John Huston,1000
24,Shane Black,1000
1986,Adam Goldberg,1000
152,Michel Gondry,1000
229,Edgar Wright,1000
36,Baz Luhrmann,1000
607,Ethan Coen,1000
2289,Corbin Bernsen,1000
1632,Bill Duke,1000
1126,Albert Brooks,745
473,David Gordon Green,234
357,Steven Zaillian,234
2195,Matt Walsh,490
118,Peyton Reed,235
157,Len Wiseman,235
1421,Ma�øwenn,236
1290,Agnieszka Holland,238
676,Miguel Sapochnik,238
84,George Miller,750
1651,Errol Morris,239
1185,Alain Resnais,752
4,Christopher Nolan,22000
438,Brian Helgeland,241
2105,Ti West,243
1908,Miranda July,244
988,Robert Altman,500
1148,Fritz Lang,756
705,Drew Goddard,246
1780,Jennifer Finnigan,246
2159,Shane Dawson,247
106,Richard Donner,503
321,Lawrence Kasdan,759
797,Joe Carnahan,248
2212,Quentin Dupieux,248
325,Angelina Jolie Pitt,11000
370,Harold Ramis,11000
697,Woody Allen,11000
1495,Ernie Barbarash,249
73,Wolfgang Petersen,249
636,Chris Carter,251
228,Tarsem Singh,763
2062,Matthew R. Anderson,252
15,Rob Marshall,252
2257,Yorgos Lanthimos,252
71,Francis Lawrence,508
2014,Timothy Woodward Jr.,764
284,Henry Selick,253
1669,Fatih Akin,766
113,Louis Leterrier,255
65,Dean DeBlois,255
768,David Lean,767
