actor_2_id,actor_2_name,actor_2_facebook_likes
3015,Edmund McMillen,0
2967,Jasper Johal,0
2402,Seth Green,0
2665,Aziz Muradillayev,0
2978,Sylvia Eckhausen,0
2988,Stacie Evans,0
3001,Xinhua Jiang,0
2255,Diganth,0
2660,Michael Douglas,0
2497,Sebastian Aguilar,0
2929,Pierre Prieur,0
2229,Megan Ambuhl Graner,0
2952,Steve Duin,0
2835,Spela Colja,0
3005,Valentine,0
3074,Edgar Tancangco,0
2866,Rai Alexandra,0
2217,Guillaume Denaiffe,0
3020,Dottie Alexander,0
3026,Amanda Kearsan,0
2907,Joe Bishop,0
2999,Hugh Ducklow,0
3053,Bobby Kendall,0
3080,Maxwell Moody,0
2837,Pant Shirt Baba,0
2989,Ana Maria Guran,0
2596,Lhakpa Dorji,0
2702,Anella Vastola,0
2761,Germ�Án Alcarazu,0
2313,Balinese Tari Legong Dancers,0
2841,Eva Carrozza,0
2631,Yuval Diskin,0
2909,Ellen Block,0
2543,Ronny Dayag,0
2646,Jon Hunter,0
2496,Deems Taylor,0
2174,Jessica Chastain,0
2802,Katy Helvenston-Wettengal,0
378,Val Kilmer,0
3067,Nargess Mamizadeh,0
2830,Garba Tour̩,0
3050,Ron Gelner,0
3056,Richard Linklater,0
2078,Casey Affleck,0
2125,Daryl Hannah,0
2782,Christophe Cherki,0
3021,Seth Ackerman,0
2845,Zubaida Sahar,0
2921,Beatrice Ntuba,0
1484,Kyra Nichols,0
2960,Donald Austin,0
2979,Evelyn Jefferson,0
2977,Bertrand Cantat,0
2831,Colin Andrews,0
2874,Sarah Callan,0
2057,Rick Fox,256
278,Maile Flanagan,256
2123,Tamara Glynn,256
833,Jay O. Sanders,256
696,Brittany Curran,512
3022,Clint Mansell,512
1351,Ben Crompton,257
2018,Tony Devon,257
534,Dyan Cannon,257
978,Vic Morrow,257
2920,Anna Karina,257
1730,Sarita Choudhury,257
2019,Larry Drake,513
208,Roseanne Barr,513
1917,Toby Stephens,769
1456,Finn Wittrock,769
732,George Carlin,769
1673,Jeremy Davies,769
2995,Rowan Isaacson,2
2936,Bill Martone,2
2104,Sara-Marie Maltha,2
1167,Tulku Jamyang Kunga Tenzin,2
2278,Artyom Bogucharskiy,2
2378,Agame Malembo-Emene,2
2142,Pat Buchanan,2
1009,Jeffrey Dover,2
2472,Joel Fuhrman,2
2883,Jack Canfield,2
1704,Marian Dziedziel,2
2688,Antonio Arru̩,2
3010,Johnnie Walker,2
1800,P̩ter Fancsikai,2
862,Celia Weston,258
2598,Luke Edwards,258
2355,Lynn Redgrave,258
660,Mark Christopher Lawrence,258
1522,Suzie Steen,258
1928,Craig Fairbrass,258
2137,Kari Wuhrer,514
973,Zelda Rubinstein,770
125,Martin Short,770
2713,Naomi Nishida,3
2739,Herman Koto,3
899,Zan Marolt,3
2462,Ariane Schluter,3
2721,Eric Schlosser,3
2365,Jerry Brown,3
1702,Olaf Lubaszenko,3
1160,Philippe Labro,3
2552,Stephane Gauger,3
1888,Clotilde Mollet,3
2911,Natalie Welch,3
2741,Rufus Graham,3
1017,Y�Èki Amami,3
2071,Tim Guinee,259
2173,Adam Butcher,259
2912,Lee J. Cobb,259
2658,L̩a Drucker,4
2360,Johanna M�ürck,4
2470,Bo Huang,4
2698,CindyMarie Small,4
2484,Tal Bachman,4
346,Royce Johnson,4
2864,Zheng Xu,4
1189,Amy Carson,4
1801,Ni Yan,4
2615,Adel Karam,4
2079,Yuriy Tsurilo,4
2931,Matt Servitto,260
2425,Harry Treadaway,260
910,Phil Hartman,516
2669,Chloe Bridges,516
2794,Hilda Bernard,5
2755,Ayesha Omar,5
2016,Mick Lally,5
2534,Brendan Mackey,5
2704,Rosie Traynor,5
2022,Takeshi Kusao,5
2654,Mercedes Mor�Án,5
3068,Michael Parle,5
1180,Christopher Webster,5
1964,Jun Kunimura,5
2487,Carly Schroeder,261
2130,Miriam Shor,261
2012,Vince Vieluf,261
1168,Katherine Parkinson,261
1324,Ian Hart,261
2748,Emily Baldoni,261
1546,Jenna Boyd,517
487,Samantha Mathis,517
1752,Bin Won,517
2283,Jonathan Crombie,517
2783,Janel Parrish,517
230,James Coburn,773
502,James Nesbitt,773
1179,Jeremy Jordan,773
2810,Arthur Agee,6
1966,Chatchai Plengpanich,6
1810,Tetsu Watanabe,6
1979,Louisa Milwood-Haigh,6
2526,Charles Linton,6
3049,Kate Dollenmayer,6
1509,Richard Farnsworth,262
2795,Tom Guiry,262
1559,Jess Harnell,262
620,Jenna Boyd,518
2070,Randy Couture,518
1016,Mark Valley,774
1236,Suraj Sharma,774
2320,Kathleen Robertson,774
3006,Macha M̩ril,7
1256,John Sparkes,7
2740,Marv Albert,7
686,Bruce Alexander,7
991,J.T. Walsh,263
525,Aria Noelle Curzon,263
2815,Tristan Mack Wilds,519
1333,Eric Lloyd,775
1401,Luke Bracey,775
2529,Albert Delpy,8
2939,Clint Jordan,8
2641,John Arcilla,8
2743,Brian Whitaker,8
1985,Orla Fitzgerald,8
2776,G.J. Echternkamp,8
2854,Minoru Chiaki,8
2832,F̩lix Moati,8
2638,Stanley Blystone,8
1192,Martin Clunes,264
2722,Robert Amaya,264
544,Brenda Bakke,520
667,Derek Mears,520
263,Derek Jacobi,520
1096,Eddie Izzard,776
2822,Lorraine Ziff,21000
9,Robert Downey Jr.,21000
2159,Pablo Rosso,9
1148,David Sparrow,9
2855,Greg Speirs,9
2917,Zinedine Soualem,9
1768,Ashley Ashida Dixon,9
2288,Claude-Oliver Rudolph,9
2109,Fortunato Cerlino,9
1010,Hanaa Bouchaib,9
2684,Regina Cas̩,9
3037,David Mersault,9
2754,Andrea Vergara,9
1296,Andr̩ Wilms,9
2009,Ben Falcone,265
564,Susanna Thompson,265
2023,Roy Dupuis,265
2649,Amber Marshall,265
2480,Ato Essandoh,265
1373,Zane Holtz,265
948,Kenan Thompson,521
1220,Tika Sumpter,521
1595,Sydney Pollack,521
2143,M. Emmet Walsh,521
1353,Ludivine Sagnier,521
2260,Matthew Sunderland,10
1457,Guang Li,10
1930,Charlotte B�üving,10
2581,Ahmed Hassan,10
2839,Saul Stein,10
1480,Ry�Ènosuke Kamiki,10
2490,RÌ_diger Vogler,10
2386,Daoming Chen,10
1354,Diego Ramos,10
1292,Aidan McArdle,266
2827,David A.R. White,266
2033,Brenda Strong,266
1683,Roger Guenveur Smith,266
2244,Sofia Black-D'Elia,266
2637,Jeff Garlin,522
2650,Johnny Messner,522
2235,Jacqueline Bisset,522
508,Josh Zuckerman,522
2214,Kevin Corrigan,778
1462,George Coulouris,11
2789,Stephen McCole,11
2380,Wilson Guerrero,11
2160,Alexis Biesiada,11
2876,Mark Torgl,11
2333,Bonnie Lee Bouman,11
2896,Ron Lynch,11
1131,Patrick Lyster,11
1210,Gerald McRaney,523
107,Maurice LaMarche,523
155,Matt Jones,523
2442,Brooke Newton,779
32,Tyler Labine,779
2017,Karen Pittman,12
2309,Alan Taylor,12
2334,Marian Marsh,12
2877,George T. Odom,12
2275,Clovis Fouin,12
1519,Khulan Chuluun,12
2478,Hans Weingartner,12
1681,Mike Nawrocki,12
5,Rob Walker,12
2961,Nancy Ison,12
2780,Donnie Dunagan,12
924,Claudia Stedelin,12
2488,Emily Pearson,12
2248,Ivan Barnev,12
2955,Ren̩e Ador̩e,12
1425,Tzi Ma,268
791,Charlie Tahan,268
53,Dana Ivey,268
2813,Kara Hayward,524
2027,Mark Wingett,524
2055,Mary Tyler Moore,524
741,Pamela Anderson,780
138,Joe Morton,780
1661,Vladimir Garin,13
3069,Anna Nakagawa,13
2736,Scandar Copti,13
1878,Nicholas Turturro,269
1889,Iddo Goldberg,269
106,Collin Chou,269
1071,Geraldine McEwan,269
1475,Mary J. Blige,269
1570,Maribel Verd̼,269
2338,Susannah York,269
74,Alice Englert,525
2643,Joey Lauren Adams,781
2446,Matheus Nachtergaele,14
2891,Sue Corcoran,14
2779,Melonie Diaz,270
422,James Pickens Jr.,270
2205,Ryan Robbins,270
1238,Jonathan Breck,270
277,Bobb'e J. Thompson,526
1482,Sophie N̩lisse,526
2020,Chris Owen,526
1783,Barry Watson,526
225,Ruby Dee,782
1214,Jason Ritter,782
2870,Christian Alvarez,15
1981,Sung-kee Ahn,15
3025,Steve Diasparra,15
1021,Brianne Brozey,15
1695,Todd Boyce,15
1297,Evgeniy Mironov,15
2115,George Chakiris,271
1089,Alan Oppenheimer,271
1766,Alessandro Nivola,527
1365,Karen Allen,783
500,Meat Loaf,783
3029,Jason Evers,16
2798,Stig Frode Henriksen,16
2359,Zaide Silvia Guti̩rrez,16
2479,Michel C̫t̩,16
2918,Mark Caven,16
2398,Lila Kedrova,16
2471,Nick Searcy,272
1538,Rex Harrison,272
1757,Jason George,528
1728,Josie Loren,528
2155,Parminder Nagra,528
1191,Julie Gonzalo,528
20,Andrew Garfield,10000
1058,Anna Kendrick,10000
120,Tom Cruise,10000
115,Jeremy Renner,10000
370,Viggo Mortensen,10000
559,Will Smith,10000
36,Olivia Wilde,10000
26,Alexander Skarsg̴rd,10000
12,Marlon Brando,10000
95,Emilia Clarke,10000
118,Gary Oldman,10000
221,Rupert Grint,10000
2168,Hitoshi Matsumoto,17
2766,Pierre Dulat,17
3048,Kirpatrick Thomas,17
1758,Jason Cottle,17
429,Jean-Claude Dreyfus,17
2306,Bel̩n Rueda,273
2014,Laurel Holloman,273
614,Holt McCallany,273
2138,Kendrick Cross,529
2850,Heather Matarazzo,529
501,Kimberly Williams-Paisley,529
1486,Shawn Roberts,529
431,Merritt Wever,529
1119,Lily Cole,785
512,Peng Lin,18
3018,Hugh Mun,18
2976,Victoria Lachelle,18
926,Jeffrey W. Jenkins,18
1453,Bill Lake,18
1060,Vincent Leclerc,18
2044,Ian Mune,18
2563,Kenneth Nkosi,18
369,Jon Foster,274
2635,Connor Paolo,530
745,Polly Walker,530
794,Miranda Richardson,530
1777,Patton Oswalt,786
1628,Joey Lawrence,786
1638,Adrian Paul,786
806,Debbie Reynolds,786
1627,Danny Pino,786
3060,Alana Kaniewski,19
3062,Olwenya Maina,19
2727,Lou Adler,19
3033,Shailene Garnett,19
1859,Ron Moody,275
2709,Jack Lord,275
2383,Lionel Barrymore,275
2757,A.J. Buckley,275
1837,Anthony Zerbe,275
1834,Max Casella,275
2770,David DeLuise,275
2678,Laura San Giacomo,531
713,Graham McTavish,531
1861,Bruce Spence,531
1567,Atticus Shaffer,787
271,Cole Hauser,787
1640,Jimmy Fallon,787
1497,Melinda Clarke,787
1748,Vincent Gallo,787
2146,Leslie Carlson,20
2272,Fedja van Hu̻t,20
3039,Greg Aronowitz,20
2828,Matthew Feeney,20
3075,Peter Marquardt,20
2892,Jonathan Caouette,20
1278,Malonn L̩vana,20
3070,Michael Cortez,20
2889,Jay Adams,20
2969,Sebastian Schipper,20
2286,Rawiri Paratene,20
2025,Ruby Lin,20
2149,Tygo Gernandt,20
2792,Francis Lederer,20
1675,Lois Smith,276
192,Santiago Segura,276
1458,Garrett Clayton,532
1645,Michael Raymond-James,788
1491,Raquel Welch,788
377,Joseph Gilgun,788
2545,Dick Cheney,21
2968,Chris Thomas,21
366,Roxane Duran,21
2236,Sandra Staggs,21
1782,Martin Semmelrogge,21
1596,Pei-Pei Cheng,21
2508,Per Christian Ellefsen,21
866,Melissa Altro,21
363,Nick Chinlund,277
2008,Omar Metwally,277
445,Peter Gerety,277
2916,Janet McTeer,277
1873,Jessica Capshaw,533
336,Jason Scott Lee,533
1218,Paige Turco,533
2863,Christa B. Allen,533
2630,GastÌ_n Pauls,22
1611,Virginia Capers,22
2895,David Warbeck,22
2902,Mae Marsh,22
2509,Arturo Castro,22
1004,Soleyman Pierini,22
2705,Shazahn Padamsee,22
1520,Michael Beck,278
2661,Paprika Steen,278
1872,Herbert Lom,278
1655,Eduardo Noriega,278
644,Jessica Simpson,534
847,Charles S. Dutton,534
1799,Isaiah Washington,534
3081,Brian Herzlinger,23
2840,Hoke Howell,23
2811,Christopher Toler,23
195,Basher Savage,23
1658,Gustav Fr̦hlich,23
2666,Lenore Zann,23
2994,Eugene Roche,23
755,Rod Steiger,279
2113,Glynis Johns,279
3016,Adam Rayner,279
837,Mark Rylance,535
599,Chris Mulkey,535
1232,Flea,535
2367,Jeff Fahey,535
1300,Mario Van Peebles,535
2945,Samantha Buck,24
2844,Lincoln Hoppe,24
2885,Frida Hallgren,24
3012,Chuck Mitchell,24
2662,Kieu Chinh,24
2679,Vera Wilson,24
2742,Tom Hamann,24
2860,Whitney Able,280
2222,Jane Adams,280
1780,Rosemarie DeWitt,536
662,Billy Brown,536
145,Maria Grazia Cucinotta,536
2445,Cybill Shepherd,536
2972,Stevan Mena,25
3057,Mikaal Bates,25
1331,Kim Thomson,25
2626,Elizabeth Meriwether,25
1813,Harry Carey Jr.,281
1322,Dan Hedaya,281
1355,Warren Clarke,281
1464,Traci Dinwiddie,281
1790,Kelly Clarkson,281
251,Sean Huze,537
800,Will Patton,537
1556,Melanie Griffith,537
482,Jean Stapleton,793
1919,Ally Sheedy,793
2932,Jason Tobin,26
2268,Juan Luis Galiardo,26
2282,Sameer Ali Khan,26
2419,Joe Howard,26
1950,Alessandro Preziosi,26
2094,Lloyd Avery II,26
2816,Akima,282
2176,Bipasha Basu,282
2120,Ossie Davis,282
1468,Maggie Wheeler,282
1663,JJ Feild,794
2213,Carl Weathers,794
177,Dougray Scott,794
1428,Ashley Scott,794
1812,Ching Wan Lau,27
2499,Melanie Kinnaman,27
2325,Enrique Vill̩n,27
2847,Ari Gold,27
507,David Calder,27
2567,Tim Rice,27
2584,Philippe Petit,27
2434,Darren Keefe Reiher,27
2865,Jacques Brel,27
646,Gerry Becker,27
1479,Colm Feore,539
1650,S. Epatha Merkerson,539
1329,Roger Lloyd Pack,539
93,Eric Idle,795
1500,Chris Brochu,795
1211,Embeth Davidtz,795
593,Ashley Scott,795
2252,Lou Perryman,28
2211,St̩phane Rousseau,28
2773,Robert Kennedy Jr.,28
2291,Aleksey Chadov,28
2904,Bessie Love,28
3031,Courtney Bell,28
789,Lillian Adams,28
162,Bryan Brown,284
2502,Greer Garson,284
2041,Aki Aleong,284
84,M.C. Gainey,284
2158,Mithun Chakraborty,284
809,Gavin MacLeod,284
2522,Ulrich MÌ_he,284
623,Russell Tovey,796
1101,Daniel Stern,796
2777,David Gallagher,796
2328,Clemens Schick,29
2826,Barry Dennen,29
2687,Johnny Amaro,29
2323,Alan Williams,29
2234,Daniel Stewart Sherman,29
731,Anatoliy Solonitsyn,29
1853,Eric Elmosnino,29
2089,Silvio Muccino,29
2060,Elizabeth MacRae,29
2571,Everett Sloane,29
917,Shirley Knight,285
1197,Carl Gilliard,285
984,Lena Olin,541
1055,Spencer Treat Clark,541
2622,Cheryl Hines,541
1008,Fran̤ois Cluzet,541
736,Billy Blair,541
1321,Eva Amurri Martino,797
1527,Nora von WaldstÌ_tten,30
2617,Lior Ashkenazi,30
2515,Jessica Dublin,30
1290,Joe Pingue,30
1155,Brenda Blethyn,286
909,Robert Vaughn,542
1863,Hayley Kiyoko,542
1920,Michael Winslow,542
1054,Bill Fagerbakke,542
1915,Danny Dyer,798
1488,Carla Gallo,798
220,Frank Grillo,798
1291,Erica Linz,31
2893,Chris Cox,31
2498,Dana Kimmell,31
1558,Brady Corbet,287
1242,Salli Richardson-Whitfield,543
1206,Derek Luke,543
918,Ken Marino,543
184,Brad Garrett,799
1906,Lee Majors,799
887,Bob Saget,799
2982,Robert Turano,32
1802,Yuanyuan Gao,32
1995,Megan Burns,32
1747,Sheila Hancock,32
2943,Natalie Canerday,32
1700,Shawn Yue,32
2752,Mariel Hemingway,288
2134,Warren Oates,288
1811,Caroline Dhavernas,544
1508,Marie Avgeropoulos,800
2503,Ethan Peck,800
305,Hugh Jackman,20000
109,Natalie Portman,20000
2460,Frank Hvam,33
1459,Yuqi Zhang,33
1803,Meisa Kuroki,33
1086,Vicky Krieps,33
1588,Emily Alyn Lind,289
679,Jon Tenney,289
1840,Gena Rowlands,545
893,Bridgette Wilson-Sampras,545
1922,Jared Gilman,545
217,Donald Glover,801
2004,Sean Michael Afable,801
2135,Michael Elphick,34
2848,Big Budah,34
2683,Luigi Pistilli,34
566,Wilson Cruz,290
2006,Richard Howland,290
1524,Anna Harr,290
912,Hye-kyo Song,290
1939,Roger Cross,290
285,Jim Varney,802
1838,David Kennedy,35
2985,Amir Farrokh Hashemian,35
1528,SimÌ_n Andreu,35
1900,Stephanie Vogt,35
939,Fedor Bondarchuk,35
718,Guro Nagelhus Schia,35
314,Gabriel Thomson,35
2083,Kate Higgins,35
2482,Joshua Ormond,291
2312,Gina McKee,291
1092,Mimi Rogers,291
2047,Geoffrey Holder,547
1195,Kaitlin Olson,547
1467,Michael Lieber,36
2100,Juliane K̦hler,36
3036,Chelse Swain,36
2997,Bill Allen,36
2998,Bill Melendez,36
1599,Bobby Campo,292
1454,Peter Coyote,548
2588,Ophelia Lovibond,548
123,Cara Delevingne,548
1403,Vanessa Lengies,804
2190,Constance Shulman,804
2760,Janette Armand,37
1399,Damien Garvey,37
2429,Amanda Mealing,37
2600,Ludger Pistor,37
2914,Mary Tsoni,37
1828,Steven Berkoff,293
196,Grant Heslov,293
2467,Laurie Metcalf,549
608,Jack Palance,549
406,Jennifer Hudson,549
611,Ophelia Lovibond,549
306,Joan Allen,805
1056,Bern Cohen,805
2397,Leslie Jordan,805
577,Ed Skrein,805
1604,Georgina Cates,38
2731,Saul Williams,38
2430,Kostja Ullmann,38
248,Traylor Howard,294
2362,Mykel Shannon Jenkins,294
1448,Darren Shahlavi,294
675,Armin Mueller-Stahl,294
594,Siobhan Fallon Hogan,294
132,Richard Burgi,550
2787,Samaire Armstrong,806
279,Adrian Martinez,806
1487,Angelica Lee,39
2443,Jack Taylor,39
2170,Cree Kelly,39
2091,Fernanda Machado,39
1306,Diana Ross,295
2689,Denise Boutte,295
1986,Madhuri Dixit,551
1317,Ellen Barkin,551
121,Jake Weber,551
1526,Brad Renfro,551
1824,Alicia Keys,551
1301,Regina Hall,807
1618,Luke Benward,807
750,Rick Gonzalez,807
2254,Isild Le Besco,40
2962,Cecil Kellaway,40
615,Jimmy Nail,40
3008,Cassidy Gifford,40
701,David Bailie,40
2767,Chloe Rose,40
2585,Peter Feeney,40
1896,Lesley Ann Warren,296
1975,James Arnold Taylor,296
697,Donald Watkins,552
1493,Paul Schneider,552
974,Beau Bridges,552
418,Kiernan Shipka,552
539,Kathleen Quinlan,552
31,Kelsey Grammer,808
140,Rene Russo,808
836,Andrew Fiscella,137000
100,Charlize Theron,9000
160,Emma Watson,9000
1968,Julie Engelbrecht,41
2872,Jennifer Landa,41
1427,Dequina Moore,41
2481,Christopher Simpson,41
2957,Brock Baker,297
1659,Cyril Raffaelli,297
2532,Celeste Holm,297
1394,Jason Beghe,297
2114,Elizabeth McGovern,553
8,Donna Murphy,553
2935,Nicholas Simmons,553
194,Danny Woodburn,809
1178,Aretha Franklin,809
2603,Chris Cleveland,42
252,Venus Schultheis,42
576,Clayne Crawford,298
1007,Gregg Henry,298
2431,Betsy Russell,298
678,Alycia Debnam-Carey,298
2284,Michael J. Morris,298
205,Dirk Benedict,554
2062,Richard E. Grant,554
2388,Adelaide Kane,810
2439,Sarah Rafferty,810
1523,Burghart Klau�Ùner,43
804,Jeremy Crutchley,43
2198,Daniel Gim̩nez Cacho,43
2068,Nathaniel Lees,43
865,KaDee Strickland,299
1248,J.B. Smoove,555
1418,Tom Hollander,555
720,Lochlyn Munro,555
335,Vincent Schiavelli,811
1396,Saffron Burrows,811
729,Adam Garcia,811
2521,Julia Taylor Ross,44
2843,Vince McMahon,44
1697,Ruth Sheen,44
2919,Lucy,44
3076,John Considine,44
2686,Coyote Shivers,44
772,Adrien Dorval,44
2724,Julia Garner,300
212,Jonathan Sadowski,300
1961,John Carradine,300
141,Regi Davis,300
1682,Khandi Alexander,556
82,Sela Ward,812
604,Dylan Baker,812
1736,Isabella Rossellini,812
2228,Bhoomika Chawla,45
3073,David Sullivan,45
1662,Petchtai Wongkamlao,45
2331,Elena Lyadova,45
2209,Colleen O'Shaughnessey,45
1770,Kathryn Erbe,301
2656,Christina Moore,301
549,Brandon Molale,301
44,Ewen Bremner,557
916,Daniella Alonso,557
2416,Rob McElhenney,813
1594,Ry̫ko Hirosue,46
1797,Erin Boyes,46
2607,Natalie Press,46
2645,Bruce Hopkins,46
3054,Panchito GÌ_mez,46
2715,Cynthia Myers,46
2167,Albert Dupontel,46
896,Lou Saliba,46
2093,Magda Szubanski,46
2609,Ann Miller,302
2436,Ashley Martin,302
164,D.B. Sweeney,558
796,Eartha Kitt,558
581,Soleil Moon Frye,558
1776,Cara Delevingne,558
854,Jos̩ Wilker,47
913,Bianca Collins,47
2720,Alex Lawther,47
2653,Billy Gilbert,47
2569,Linus Roache,303
413,Ben Cross,303
1172,Kabir Bedi,303
284,Aldis Hodge,559
691,Tim Matheson,559
2738,AJ Michalka,559
903,Bob Balaban,559
1755,Robert Shaw,559
2289,Cara Delevingne,559
797,William Xifaras,815
2699,Frank Rautenbach,48
786,Dickie Jones,48
1605,Sylvia Syms,48
373,Elio Germano,48
764,Natalie Imbruglia,304
1587,Jodie Whittaker,304
296,Wanda Sykes,560
2265,Indiana Evans,560
714,Gilbert Gottfried,560
264,AJ Michalka,560
402,Matt Ryan,560
2144,Sean Cook,816
18,Michael Stuhlbarg,816
1128,Holly Valance,816
1443,Geoffrey Arend,816
1395,Beverly D'Angelo,816
1649,Anna Madeley,49
3059,Lisa Arnold,49
1737,Luke Treadaway,305
2708,Renee Olstead,305
423,RZA,561
1104,Stephen Baldwin,561
1763,Michael Palin,561
1707,Paul Brannigan,50
651,Chris Miller,50
824,Sabrina Revelle,50
1345,Vernon Dobtcheff,50
1531,Catherine McCormack,306
1539,Patrick Gallagher,306
2575,Eddie Vedder,562
470,Abraham Benrubi,562
122,Dan Fogler,562
1884,Allison Tolman,562
655,Liam Aiken,818
2106,Chulpan Khamatova,51
2616,Pixie Davies,51
2542,Peter Stickles,51
381,Catherine McCormack,307
28,Helen McCrory,563
838,David Keith,563
688,Jay Mohr,563
1430,Mia Farrow,563
1860,Andrew Lawrence,563
2505,Daniel Kash,52
1924,Reef Ireland,52
2172,Synn�üve Macody Lund,52
777,Ye Liu,52
632,Andr̩ Dussollier,52
2468,Gabrielle Reece,52
2258,Jacques Gamblin,52
2513,Maria Doyle Kennedy,308
3034,Sonia Braga,308
2128,Windell Middlebrooks,308
172,Rachel Ticotin,308
1477,David Agranov,308
1633,Patrick Bergin,308
1614,Kevin Rankin,820
257,Sam Shepard,820
2184,Robert J. Wilke,53
2924,Eddie Jones,53
2368,Joe Egan,53
2947,Lorne Cardinal,53
2987,Joie Lee,53
2233,Patch Darragh,309
1584,Jon Polito,309
2476,La'Princess Jackson,309
432,Jennifer Saunders,309
2910,Tracy Spiridakos,821
1082,Bradley Whitford,821
2991,Joe Lev,54
2107,Mark Bazeley,54
1287,Donovan Scott,54
2075,Isabelle Nanty,54
1624,Peter Vaughan,310
1506,Alex Borstein,566
2112,Ted Cassidy,566
677,Michael Cudlitz,822
1586,Kad Merad,55
1827,Fiona Glascott,55
1398,Thomas Law,55
1668,Lucy Gaskell,55
1406,James Gammon,311
1338,Bobby Moynihan,311
341,Drew Carey,311
1437,Nia Vardalos,567
46,Richard Coyle,567
2097,David Margulies,567
1622,Mark Gatiss,567
680,Robert Picardo,823
1674,Saurabh Shukla,56
1460,Philippe Nahon,56
812,Lee Evans,312
1495,Louis Mandylor,312
1532,Brigitte Nielsen,312
1183,Barret Oliver,312
846,Debra Winger,568
645,Miranda Otto,568
446,Benedict Cumberbatch,19000
1402,Tom Selleck,19000
25,Scarlett Johansson,19000
1591,Trond Fausa,57
2573,Lex Barker,57
1669,Rodrigo De la Serna,57
925,Usher Raymond,569
2772,Mike Colter,569
1793,Megan Park,569
289,Rachael Harris,569
245,Christopher Heyerdahl,825
2971,Natasha Bedingfield,58
2002,George Lazenby,314
2281,Dove Cameron,570
349,Jodi Benson,570
165,Dave Legeno,570
1404,Leo Howard,570
274,Rip Torn,826
834,Nia Long,826
326,Hal Holbrook,826
174,Scott Glenn,826
475,Mitch Pileggi,826
1775,Joanna 'JoJo' Levesque,826
1284,Laz Alonso,826
976,Steve Howey,826
1145,Y�È Aoi,59
2764,Anslem Richardson,59
2034,Edouard Baer,59
2230,Don Gordon,59
131,Kamil McFadden,315
1115,Texas Battle,315
3040,Paul Eenhoorn,571
1251,Cjon Saulsberry,571
1084,Maria Conchita Alonso,571
2652,Glen Powell,571
1671,Chris Elliott,571
2747,James Gunn,571
601,Frances Conroy,827
2774,Vlad Ivanov,60
1074,Marcia DeBonis,60
68,Rick Aviles,60
920,Dagmara Dominczyk,316
2394,Ron Palillo,316
1002,Lela Rochon,316
1064,Scott Adsit,316
1623,Hutch Dano,316
2243,Ir̬ne Jacob,316
2550,Isabelle Adjani,572
3046,Levon Helm,572
2216,Matt Berry,572
631,Peter Gallagher,828
799,Reggie Lee,828
2129,Jason Dohring,828
995,Lucy Gordon,61
3042,Eddie Rouse,61
859,Nelson Ascencio,61
2899,Roshan Seth,61
1921,Andr̩s Montiel,61
2869,Tim Abell,317
2428,William Atherton,317
496,Adrian Lester,317
2928,Joanna Cassidy,317
2116,Rodney Dangerfield,573
993,Portia de Rossi,573
1729,Kathryn Morris,573
1102,Cameron Bright,829
48,Lester Speight,829
2682,Nigel Bruce,62
1415,Chi Ling Chiu,62
638,Lenny Venito,62
1969,Vince Colosimo,62
2082,Wendee Lee,62
1955,Crystal Lowe,318
815,Kevin Pollak,574
168,Seth Gabel,574
1370,Mark Duplass,830
2021,Zen McGrath,63
2405,Ariane Labed,63
2095,Rosanna DeSoto,63
1121,Ingvar Eggert Sigur̡sson,63
380,Jacques Perrin,63
1644,Nicole de Boer,319
2624,Jean Arthur,319
2341,Slim Pickens,575
2324,Danny Arroyo,575
2349,Lloyd Bridges,575
724,Frances O'Connor,575
2942,Flaco Navaja,64
2466,Agata Trzebuchowska,64
2898,Jeff Seymour,64
2345,Susan Blommaert,64
2418,Nambitha Mpumlwana,64
1751,Gabriel Damon,320
2818,Steffinnie Phrommany,320
1897,Anthony LaPaglia,576
403,Kevin Dillon,576
2314,Eva LaRue,576
307,Logan Lerman,8000
229,Will Ferrell,8000
200,Julia Roberts,8000
1213,Igor Jijikine,65
2038,Nathin Butler,65
2390,Mikki Padilla,65
1791,Nick Damici,65
148,Philip Michael Thomas,321
2627,Jennifer Westfeldt,321
743,Anthony LaPaglia,577
2483,Elden Henson,577
891,Daniel von Bargen,577
295,Stephen Dillane,577
2375,Darren McGavin,577
1533,Joe Lo Truglio,833
197,Noel Fisher,833
2251,Greg Grunberg,833
2256,Sharon Small,66
2905,Betsy Baker,66
2517,John Beck,66
2086,Johanna Wokalek,66
1642,Keith Allen,66
2088,M̩lissa D̩sormeaux-Poulin,66
1750,Eric Schweig,322
874,Valerie Perri,322
1858,Patricia Belcher,322
3011,Keenen Ivory Wayans,322
216,Jenifer Lewis,578
1529,Joaquim de Almeida,578
439,Ivana Milicevic,834
1516,Karen Young,67
1879,Simon Rhee,67
1637,The Edge,67
1535,Shawn Andrews,67
2139,Nathalie Baye,67
2812,Bruce Altman,67
2166,Kati Outinen,67
1574,Alonna Shaw,67
2152,John Billingsley,323
2582,Lizzie Brocher̩,323
2066,Martin Henderson,579
630,Philip Winchester,579
1153,Dilshad Vadsaria,579
440,Freddy RodrÌ_guez,579
317,Imelda Staunton,579
2210,Patrick Fugit,835
841,Denis Leary,835
1835,Andrew Keegan,835
2940,Gus Van Sant,835
1817,Selton Mello,68
778,Charlie Yeung,68
2050,Michael J. Burg,68
1498,David Alan Basche,68
2717,Al Gore,68
1898,Tracey Walter,324
1875,Richard Lynch,324
1641,Brian Van Holt,324
719,Dwight Yoakam,324
2422,Robb Wells,324
458,Sandrine Holt,324
1656,Pamela Reed,324
506,Martin Henderson,580
902,Kuno Becker,580
2257,Gary Farmer,580
492,Vinessa Shaw,580
193,Roger Willie,836
2374,Alexandra Rapaport,69
1709,Sean Kingston,69
2343,Seu Jorge,69
2370,Adrian Gonzalez,69
2544,Kirby Heyborne,69
2432,Patti LuPone,325
33,Kevin Dunn,581
1600,Rae Dawn Chong,581
1083,Yaphet Kotto,581
904,Bai Ling,581
1887,Johanna Braddy,581
1264,Gillian Jacobs,837
1774,Anne Meara,837
2605,Gordon Jump,70
2655,Gabriel Beristain,70
1580,Alexandra Holden,326
461,Archie Kao,326
1607,Roger Allam,326
886,Jamel Debbouze,326
2859,Amber Benson,326
1699,Mathieu Kassovitz,326
2350,Larenz Tate,582
970,Christine Taylor,838
1563,Julie Walters,838
210,Nancy O'Dell,71
2737,Cara Seymour,71
1129,Sandrine Kiberlain,71
2746,Louis Mustillo,71
1842,Deborra-Lee Furness,71
1982,Jimmy Shergill,327
2852,Seymour Cassel,327
2423,H̩ctor Jim̩nez,327
454,Stephen Rea,327
1158,Oleg Taktarov,327
1336,Jeremy Northam,327
949,Rob Riggle,839
1471,Michael Spears,839
2807,Christel Khalil,72
1081,Mark Rendall,72
2358,Dan Hicks,328
1621,Rachel True,328
994,Richard T. Jones,328
2111,Stevie Wonder,328
1786,Jonny Weston,328
2473,Alanna Ubach,584
1182,Joely Richardson,584
756,Tom Bosley,584
914,Vincent Pastore,584
1832,Leonardo DiCaprio,29000
1564,Gretchen Palmer,73
992,Benjamin J. Cain Jr.,73
1091,Robert Lopez,73
1765,Kirby Bliss Blanton,329
2410,Lisa Ray,329
968,Ike Barinholtz,329
1907,Norah Jones,329
2032,Paul Gross,329
1701,Katherine LaNasa,329
692,Chandler Canterbury,329
569,Camryn Manheim,329
2371,Matt Gerald,585
563,Joely Richardson,585
1639,Faizon Love,585
452,Ben Daniels,585
457,Chris Klein,841
1864,Vanity,841
2884,Taylor Nichols,74
1698,Sara Forestier,74
1825,Gabrielle Carteris,330
520,Tichina Arnold,330
2685,Marshall Allman,330
1686,Joan Plowright,330
1113,David Suchet,586
1717,Dom DeLuise,842
2986,Chris New,75
258,Thomas Middleditch,331
1201,Paula Garc̩s,587
1723,Ella Wahlestedt,587
433,Cheech Marin,843
2469,Nacho Vigalondo,76
3013,Brian Howe,76
1391,Jan Cornet,76
2963,Steve Bisley,76
1407,Vera Miles,332
1998,David Denman,332
2384,Molly Ephraim,332
449,David Kelly,588
1342,Bruce Dern,844
1057,Casey Kasem,844
1753,Cheech Marin,844
717,Julian Glover,844
768,Charlotte Rampling,844
2594,T.R. Silambarasan,77
2132,Monda Scott,77
1389,Keram Malicki-S�Ánchez,333
2207,George Sanders,333
2080,David Della Rocco,333
2523,Alex Kendrick,589
761,Vincent Kartheiser,845
420,Tony Curran,845
2344,Reginald Owen,78
2420,Ji-tae Yu,78
2206,Claire Geare,78
844,Dalia Hern�Ández,78
2765,Alexander Vlahos,334
538,Rupert Evans,334
2547,Bill Maher,334
396,Ray Romano,590
1841,Lina Esco,79
2674,Jean Peters,79
950,Lynn Hung,79
2504,Zohra Segal,79
2853,Ricky Jay,79
2983,Robin Bartlett,79
2530,Jorge Salinas,79
1785,Curtiss Cook,591
619,Nicholas Braun,591
2212,Kerr Smith,591
1521,Brian Blessed,591
613,Carlos Ponce,591
1963,Garry Shandling,591
1976,Jami Gertz,847
2084,Christopher Judge,847
1315,Brendan Fehr,847
586,Jessica Szohr,847
379,Adam LeFevre,80
1601,Ji-won Ha,80
1150,Omri Katz,336
65,Robin Atkin Downes,336
322,Janet Jackson,592
384,Austin Pendleton,592
2814,Wesley Jonathan,592
1305,Pruitt Taylor Vince,592
1925,Drew Waters,848
59,Delroy Lindo,848
374,Gerard Butler,18000
1052,Denzel Washington,18000
1447,Keanu Reeves,18000
661,Robin Wright,18000
1245,Park Bench,81
2458,Kelly Reno,81
814,Mandy Gonzalez,81
2732,Frank Gerrish,81
1319,Jessica Bowman,81
1740,Dean Dawson,81
742,Wendy Raquel Robinson,337
2238,Doug Bradley,337
668,Erik Per Sullivan,593
504,Kevin Grevioux,593
597,Margot Kidder,593
3079,Valorie Curry,593
840,Nick Cannon,593
1685,Lance Gross,849
1779,Eddie Cibrian,849
787,Sam Waterston,849
2220,Bobby Batson,849
96,Shane Rangi,82
2081,Louis Koo,82
2393,Eric Stuart,82
931,Anthony Simcoe,82
2279,Sana Saeed,82
2177,John Gallagher Jr.,338
980,Frank Finlay,338
2930,Carmen Argenziano,338
2820,Dave Fennoy,338
1023,Stephen Boss,594
1469,Sally Hawkins,594
1199,Kate Walsh,850
185,Alexa Davalos,850
2087,Jason Cerbone,83
1910,Karen Mok,83
1311,Kenneth Williams,83
398,Elijah Kelley,339
1262,Udo Kier,595
868,Peter Boyle,595
2140,Russell Wong,595
268,Trevor Morgan,595
1815,Zoey Deutch,851
103,Jada Pinkett Smith,851
2465,Tom Everett,84
2059,Matthew McGrory,340
1603,Megan Charpentier,340
2941,James Norton,340
888,Tim Blake Nelson,596
117,Oprah Winfrey,852
962,Lin Shaye,852
707,Zoey Deutch,852
1234,Katharine McPhee,852
2459,Neeru Bajwa,85
2557,Sanjay Mishra,85
505,Barney Clark,85
2608,Nimrat Kaur,85
1724,Kazunari Ninomiya,85
1808,Matt Marr,85
2321,Adriana Barraza,85
1352,Joe Spinell,85
2966,Gilbert Roland,85
1513,Annie Parisse,341
2414,George Hamilton,341
2427,Megan Hilty,341
2191,Monica Calhoun,597
1186,Lew Temple,597
930,Phylicia Rashad,597
3017,John Ireland,86
1325,Benǫt Poelvoorde,86
2163,Fran̤ois Berl̩and,86
1999,Lola Glaudini,342
2701,Yayan Ruhian,342
1891,Toby Huss,342
711,Robin Shou,342
67,Lara Pulver,854
634,Tom Berenger,854
421,Mike Starr,854
1085,Jim Belushi,854
1423,Ariel Gade,87
3030,Vincent Duvall,87
2063,Teddy Sears,343
1111,Reid Ewing,343
1947,Paul Michael Glaser,343
98,Michael O'Neill,599
1687,Bethany Joy Lenz,855
468,Wes Studi,855
1869,Shiri Appleby,855
2356,Soledad Villamil,88
556,Penelope Ann Miller,344
1059,June Squibb,344
287,Sayed Badreya,600
1011,Aisha Tyler,856
332,Steve Carell,7000
2181,Jessica Lindsey,89
1252,Trevor Blumas,89
2878,Nicholas Farrell,89
2934,Rizwan Manji,89
2348,Barnard Hughes,89
2973,Adam Rifkin,89
2553,Bobby Deol,89
1042,Olympia Dukakis,345
1720,Kate del Castillo,345
2000,Dabney Coleman,345
321,Tch̩ky Karyo,345
1209,Dreama Walker,601
2273,Nicholas Gonzalez,601
480,Aisha Tyler,857
1118,Phil LaMarr,857
266,Billy Boyd,857
2970,Leo Rossi,90
2806,Stefania Sandrelli,90
491,Aasif Mandvi,346
1226,Gina Holden,346
2992,Aaron Stanford,346
1967,Adrienne Barbeau,602
299,Christian Camargo,602
2444,Stacy Keach,602
709,Linda Fiorentino,602
945,Reeve Carney,602
1481,Michael Wong,91
748,Eric Jacobson,91
3002,Pat Boone,91
2691,Victor Zinck Jr.,91
2131,Ryan Bollman,91
3064,Jason Trost,91
2606,Illeana Douglas,347
1159,Bob Clendenin,347
1000,Bashar Rahal,603
1310,Kelly Brook,859
1412,John Wood,92
1314,Priscilla Presley,348
669,Emily Wickersham,348
224,Jenette Goldstein,604
605,Adam Alexi-Malle,860
1166,Bella Heathcote,860
1076,Larry David,860
2069,Preity Zinta,860
1110,Christopher Cousins,93
2800,Alan Pietruszewski,93
2067,David Gulpilil,93
2237,Tony Corvillo,93
823,Dustin Fitzsimons,349
802,Talisa Soto,349
628,Ronny Cox,605
1332,Dick Van Patten,605
1626,Rosanna Arquette,605
435,Billy West,861
774,Henry Thomas,861
1727,David Dencik,94
2151,Paul Scofield,94
2886,Ace Marrero,94
2565,Tommy Knight,94
1767,Jerry Nelson,94
383,David Hoffman,94
2694,Deirdre Lorenz,350
1714,Brett Cullen,350
2415,Stuart Margolin,350
2903,DeForest Kelley,606
2437,Alex Meraz,606
2586,Adam Ratcliffe,606
513,Brittany Daniel,862
2400,Montgomery Clift,862
3051,Tony Way,95
2700,Marilyn Norry,95
1205,Chelsea Field,95
2292,Susan Clark,95
849,Deneen Tyler,351
997,Cariba Heine,351
112,Piper Mackenzie Harris,607
542,Oliver Hudson,607
2703,Claude Rains,607
2614,Lamman Rucker,607
1911,Cheryl Tiegs,96
2618,Revathy,96
2227,Darryl Cox,96
2450,Patrick Brammall,96
2908,Steve James,96
2993,Mark̩ta Irglov�Á,96
2276,Anthony Chau-Sang Wong,96
1557,David Murray,96
2954,Dana Blackstone,96
1932,Luke Perry,608
598,Thomas Ian Nicholas,864
1886,Mark Moses,353
1670,Daniel Wu,353
2058,Omar Epps,865
3071,Joe Coffey,98
1794,Sabrina Ferilli,98
2648,Joe Armstrong,98
2642,Georgina Reilly,98
1020,Fana Mokoena,98
3019,Trevor Howard,98
2511,David Proval,354
509,Ariana Richards,610
1176,Andrew Simpson,99
1436,Susie Essman,99
2922,Gloria Foster,99
1678,Chris Marquette,355
2612,Michael Welch,611
782,Larry Miller,611
1466,Nicholas Lea,867
2900,Michelle Nolden,100
1393,Jesper Christensen,100
2277,Dominique McElligott,356
2354,Frank Vincent,356
2591,Paul Williams,356
1434,Gaby Hoffmann,612
2117,Kelly Jo Minter,101
2551,Nathan Parsons,357
1543,Chris Kattan,357
867,Shaun Weiss,613
1684,James D'Arcy,613
819,Jeffrey Weissman,869
1135,Milos Forman,869
343,Carmen Electra,869
562,Adriano Giannini,102
1694,Angela Featherstone,102
2718,Richard Jaeckel,102
727,Gulshan Grover,102
1849,Johnny Flynn,102
2927,Wilhelm von Homburg,102
957,Nicole Sullivan,358
2185,Gloria Sandoval,358
180,Rafe Spall,358
860,Tom Virtue,358
465,Luke Newberry,358
1632,Akie Kotabe,614
1298,Mackenzie Crook,870
414,Geoffrey Palmer,103
2453,Joe E. Brown,103
1660,Chen Chang,103
1038,Nancy Travis,359
1726,Jack Warden,359
2387,Robert Rusler,359
1051,Lucas Bryant,359
2247,Michael Dudikoff,615
161,Mackenzie Crook,871
2728,Natasha Gregson Wagner,104
1339,Pawel Szajda,104
2136,Bryan Dick,104
1625,Nicole Ari Parker,360
2516,Alan Autry,360
2965,Gian Maria Volont̬,360
1374,Bobby Coleman,360
198,Reg E. Cathey,360
1962,John Doman,616
1893,Evan Ross,616
1146,Rebecca De Mornay,872
389,Max Ryan,872
1280,Channing Tatum,17000
72,Kristen Stewart,17000
114,Chlo�Ç Grace Moretz,17000
405,Martin Scorsese,17000
1212,Peter Capaldi,17000
2061,Fred Melamed,105
2882,Dick Powell,105
2751,Vanilla Ice,361
1565,James Mason,617
524,Noah Emmerich,617
602,Kurt Fuller,617
2240,Patricia Neal,617
898,Aaron Yoo,617
2975,Jennifer Lafleur,873
2124,Brandon Smith,106
88,Shin'ya Tsukamoto,106
765,JÌ_rgen Prochnow,362
1851,Taylor Handley,362
1368,Steve-O,362
1912,Claire Foy,362
953,Aimee Garcia,618
1239,Tom Arnold,618
2064,Barbara Hershey,618
829,Nadine Velazquez,874
987,Sissy Spacek,874
187,Kick Gurry,107
1994,Frances Lee McCain,107
1983,Casey Siemaszko,107
575,Aaron Kwok,107
324,Jason Cope,107
2536,Brad William Henke,363
1996,Marques Houston,363
474,Kaitlyn Dever,363
830,Terry Kinney,363
1235,Keshia Knight Pulliam,619
703,Lara Flynn Boyle,619
1350,Ted Danson,875
2369,Sofie Gr̴b�ül,108
2293,Duane Jones,108
2599,Keenan Tracey,108
751,Matt Malloy,108
831,Curtis Armstrong,876
1258,Emily Watson,876
2048,Sakina Jaffrey,109
2888,Ashley Palmer,109
1927,Gyton Grantley,109
182,Riz Ahmed,365
2880,Lloyd Kaufman,365
1384,Maximilian Schell,877
1043,Jordi Moll�Ê,877
2162,Avery Schreiber,110
1894,Waris Ahluwalia,110
2716,Neville Brand,110
1617,Matthew Daddario,110
610,Jason Connery,110
2424,Kevin Gage,366
2512,Michael Chapman,366
2053,Michael Jordan,366
3000,Jesse Jane,366
1369,Murray Hamilton,366
1630,Will Forte,622
347,Monica Potter,878
3032,Michael McGlone,111
1231,Paul F. Tompkins,111
1804,Kenneth Cranham,111
1413,Jan Hooks,367
998,Dann Florek,367
633,Shelley Winters,367
739,Ben Gazzara,623
627,Lauren Holly,879
2099,Paula Kelly,112
37,Temuera Morrison,368
573,Mike Dopud,368
1461,Laura Spencer,368
1061,Christine Cavanaugh,368
1037,Marc Anthony,368
291,Kim Dickens,624
649,Tony Cox,624
1283,Jane Krakowski,624
22,Eva Green,6000
699,Naomi Watts,6000
1693,Terry Pheto,113
2564,Sean Rogerson,113
2310,Aaron Hughes,113
207,Tim Gunn,113
932,Neil Flynn,625
2538,Emily Ratajkowski,625
2225,Tim Russ,625
235,Armando Riesco,625
2491,Cecilia Pillado,625
753,Tyra Banks,625
2408,Lupe Ontiveros,625
150,Snoop Dogg,881
2913,Alan Hale,114
3045,Patricia Raven,114
1706,Lola Due̱as,114
788,Rob Brown,370
1731,Daniel Auteuil,370
2461,Cesar Romero,370
127,Kate McKinnon,370
1537,Carrie Henn,626
1162,Amber Valletta,626
1593,Jake Lloyd,626
21,William Hurt,882
715,Charlie Rowe,882
1517,Ralph Richardson,115
733,Bronagh Gallagher,115
1575,Joe Cornish,115
2948,Marty Lindsey,115
2799,Larry Bagby,115
1219,Billy Drago,371
2829,Angela Nordeng,371
1945,Edwin Neal,371
2769,Katia Winter,371
276,Amber Valletta,627
1667,Hans Matheson,627
653,Albert Finney,883
1646,Archie Panjabi,883
1363,Barry Corbin,883
1807,Connor Corum,116
2231,Paul Fix,116
780,Clotilde Hesme,116
173,Vladimir Kulich,372
890,Jason Robards,372
895,Benedict Wong,372
438,Katia Winter,372
2677,Elvis Nolasco,372
537,Harvey Korman,628
1719,Beth Grant,628
1383,Sarah Roemer,884
540,Kodi Smit-McPhee,884
766,T.V. Carpio,117
294,Michael Byrne,117
584,Malcolm Goodwin,117
870,Patti D'Arbanville,117
1845,Gary Lockwood,117
2101,Eric Johnson,373
2013,Robbie Kay,629
723,Douglas Haase,629
1473,Shelley Duvall,629
2474,Zackary Steven Graham,118
2353,Master P,118
1569,Vincent Walsh,118
1971,Kip Pardue,374
1267,Emily Meade,374
2287,Abhishek Bachchan,374
1411,Adam Arkin,374
215,Nathan Lane,886
682,Sanaa Lathan,886
1809,Fred Gwynne,886
889,Jeffrey Combs,886
2395,Sessue Hayakawa,119
685,Ben Miles,119
51,Melissa Roxburgh,119
1388,Harriet Walter,119
2299,Katy Jurado,119
2528,James Urbaniak,119
2925,Alexander Wraith,119
2182,Brendon Eggertsen,119
2984,Alex Emanuel,375
2105,Samantha Morton,631
693,Harry Connick Jr.,631
218,Warren Beatty,631
1938,Heather O'Rourke,887
883,Shirley Henderson,887
2196,Peter Mark Richman,120
2202,Kathleen Kinmont,120
1511,Dennis Franz,376
2403,Walter Brennan,376
6,Samantha Morton,632
1507,Corbin Bleu,632
2122,Tuppence Middleton,888
1181,Bridget Fonda,888
87,Tom Hardy,27000
2664,Tucker Smallwood,121
2671,Adrienne King,121
1246,Richard Anderson,377
1852,Eduardo Ver�Ástegui,377
2915,Gary Coleman,633
2319,Lane Smith,633
419,Bridget Fonda,889
1068,Robert Forster,889
1769,Richard Dysart,122
2433,Iben Hjejle,122
1555,Cl̩ Bennett,122
1381,David Mann,378
1431,Christopher Guest,378
1125,Sa�ød Taghmaoui,378
2906,Nora Arnezeder,378
2157,Wayne Brady,378
1259,Scott Mechlowicz,634
1476,Erin O'Brien,634
175,Vivica A. Fox,890
1327,Iben Hjejle,123
2477,Michael Weston,379
211,Moises Arias,635
1230,Paul Sorvino,635
2153,Nathan Jones,635
582,Mark Addy,891
2435,Kristi Clainos,124
2592,David Patrick Kelly,380
498,Craig Bierko,380
1349,Sebastian Koch,380
1615,Carol Kane,636
2303,Paul Sorvino,636
1542,Molly Shannon,636
2295,MarÌ_a Valverde,892
1965,Heather Morris,892
2537,George W. Bush,125
1710,Rodney Eastman,125
2335,Shannon Woodward,637
1270,Megan Mullally,637
641,Kimberly Elise,637
134,MarÌ_a Valverde,893
882,Elizabeth Berkley,893
459,Minnie Driver,893
2274,Yeong-ae Lee,126
2657,Adam DiMarco,382
884,Geraldine Chaplin,382
78,Chris Bauer,638
424,Frances Fisher,638
178,Mary Elizabeth Mastrantonio,638
964,Kevin Connolly,638
760,Glenn Morshower,894
1957,Nicky Katt,127
2778,Reza Sixo Safai,127
427,Brian Geraghty,383
1949,Shanley Caswell,383
360,Alan Young,639
2805,Jake Ryan,128
1318,Brian Johnson,128
1299,Dan O'Herlihy,128
3004,Mike Birbiglia,128
1598,Tony Jay,384
1435,Vanessa Angel,384
2339,George Reeves,384
626,Bruce Boxleitner,640
1916,Daryl Sabara,640
817,Denis O'Hare,896
62,Christopher Lee,16000
105,Ryan Reynolds,16000
2336,Jessica McNamee,129
1392,Ron Eldard,385
1733,Ryan O'Neal,385
2821,Madison Lintz,385
942,Taylor Blackwell,641
816,William Zabka,641
758,Nick Zano,641
1438,Ricardo Montalban,641
1134,Kirk Acevedo,641
1839,Sean Harris,641
1647,Jodi Lyn O'Keefe,897
555,Ed Lauter,897
113,Edgar RamÌ_rez,897
1679,Steve Gonsalves,130
407,Brent Sexton,130
969,Maude Apatow,130
2485,Sheryl Crow,130
1913,Aitana S�Ánchez-GijÌ_n,130
1202,Todd Allen,130
963,Anne Parillaud,130
1560,Jan-Michael Vincent,642
354,Tom Cavanagh,642
933,Tracy Morgan,642
773,Treat Williams,642
157,Henry Rollins,898
695,Valeria Golino,898
928,Nicole Beharie,898
2110,Jason Mewes,898
1823,Sid Caesar,898
1039,Vanessa Redgrave,898
2549,Krysta Rodriguez,131
663,Anna-Louise Plowman,131
2051,Herv̩ Villechaize,387
522,Joe Don Baker,387
708,Andrew Wilson,387
1903,John Neville,387
607,Michael Parks,387
805,Tony Chiu Wai Leung,643
683,Joan Chen,643
298,Anne Heche,643
518,Kathleen Turner,899
1286,Sam McMurray,132
3047,Thomas Brophy,132
1188,Junix Inocian,132
1241,Emma de Caunes,132
2901,Ingrid Thulin,132
319,Ben Vereen,388
1026,David Kross,388
2245,Natasha Henstridge,900
1364,Sarah Polley,900
2364,Ash Cook,133
905,Anushka Shetty,133
3066,B̩atrice Dalle,133
951,Verne Troyer,645
2750,Paul Blackthorne,645
1360,Judge Reinhold,901
2809,Jennifer Lee Wiggins,134
3014,Gabriela Castillo,134
1657,Kalim Chandler,134
2647,Sarah Lind,134
1483,Mel Ferrer,134
2690,Kristin Booth,134
2337,Rachel Sterling,134
1337,Amber Rose Revah,134
941,Collette Wolfe,390
622,Terence Bernie Hines,390
2379,Terry Walters,390
1631,Cinda McCain,646
2346,Frank Langella,902
752,Eric Stoltz,902
2218,Michael Lonsdale,135
2267,Jeanne Crain,135
648,Amber Rose Revah,135
2804,Larry King,135
2964,Alex D̩sert,135
1708,Stephanie Danielson,391
273,Frank Langella,903
670,Amr Waked,903
1931,Jesse Moss,136
2535,Don Ameche,392
807,Randall Park,392
1855,Keegan Connor Tracy,392
203,Catherine Tate,392
1378,Skye McCole Bartusiak,392
2507,Nick Stahl,648
1032,Julian Richings,648
986,Jesse Tyler Ferguson,648
1421,Ari Graynor,904
515,Bokeem Woodbine,904
388,Eric Stonestreet,904
712,Jet Li,5000
201,Theo James,5000
2,Orlando Bloom,5000
243,Jim Sturgess,5000
725,Bob Hoskins,5000
353,Alex McArthur,137
3,Rory Kinnear,393
1648,Campbell Scott,393
2056,Ken Foree,649
2332,Ken Howard,649
1019,Eva Marie Saint,649
2015,Marina Sirtis,649
2011,John de Lancie,905
1826,Bud Cort,394
476,Nonso Anozie,394
557,Cathy Moriarty,394
2311,Lou Taylor Pucci,394
2049,Tate Donovan,650
749,Traci Lords,650
313,Debra Messing,650
447,Todd Graff,650
442,Jonathan Frakes,906
1959,Drew Fuller,906
310,Gabourey Sidibe,906
2351,Peter Finch,139
1901,Maria Dizzia,139
1225,Patrick Troughton,139
2762,Marlene Forte,395
1822,Shawnee Smith,651
665,Thomas Lennon,651
1375,Cicely Tyson,907
2781,Rian Bishop,140
371,Tiya Sircar,396
1816,Klaus Kinski,396
1578,Amy Sedaris,396
1067,John Savage,652
1946,Scout Taylor-Compton,908
880,Jaleel White,908
781,Tim McInnerny,141
2489,Anupam Kher,397
1652,Susan Ward,397
1705,Bruno Ganz,653
244,Richard Roxburgh,653
1112,Michael Greyeyes,909
1302,Leah Remini,909
503,Michael Moore,909
1126,Bill Paterson,142
2546,Buzz Aldrin,142
906,Brooklynn Proulx,142
308,Teala Dunn,142
2263,James Fleet,398
1789,Joseph Cross,398
1792,Kang-ho Song,398
958,Matt McCoy,398
1634,George C. Scott,654
1063,Tony Nappo,654
1117,Stark Sands,143
3065,Mink Stole,143
2791,Todd Field,143
716,Jacob Vargas,399
2421,Michael Bolten,399
2990,William Mapother,399
2604,Eugenio Derbez,399
554,Paul Adelstein,399
1221,Leslie Caron,399
2501,Kayla Ewell,399
2597,Jim Backus,399
1029,Wendi McLendon-Covey,655
301,Bruce McGill,655
1341,Jennifer Esposito,911
249,Benjamin Walker,911
1503,Roger Ashton-Griffiths,144
2373,Rus Blackwell,144
149,Penelope Wilton,400
568,Mike O'Malley,400
1654,Agnes Bruckner,400
2587,Ashley Bell,400
2204,William Sanderson,400
1550,Larry the Cable Guy,400
1494,Sean Patrick Thomas,656
1452,Michael Greyeyes,912
944,Virginia Madsen,912
1289,Loretta Devine,912
666,Jennifer Esposito,912
1721,Sonoya Mizuno,145
478,Marcus Chong,145
2667,Uday Chopra,145
2366,Shelly Varod,145
1247,Richard Briers,401
1387,Dave Foley,401
1099,Jacki Weaver,401
3052,Brian O'Halloran,657
511,Dean Jones,913
2285,James Fox,146
2785,Johnny Harris,146
1185,Jean Marsh,146
2871,Randy Jay Burrell,402
1147,Topol,402
1190,Adhir Kalyan,402
223,Estella Warren,658
1610,Conchata Ferrell,658
885,Michael McKean,658
1833,Alan Van Sprang,147
2085,Justin Edward Seale,147
1137,David Julian Hirsh,147
2539,Gano Grills,147
2030,Anita Mui,147
521,Josh Hamilton,147
2659,Jonathan Mangum,147
1583,Marian Seldes,403
2304,Kevin McCarthy,403
1024,Marco St. John,403
2623,Donald Gibb,403
2156,Edie Falco,659
2730,Phyllis Diller,659
2494,Basil Rathbone,659
2036,Jenny Agutter,659
983,Cameron Boyce,915
2520,Brendan Sexton III,148
2696,Gary Stretch,404
311,Jake Busey,660
783,Scoot McNairy,660
1933,Woo-sung Jung,149
471,Simon McBurney,149
1012,Aml Ameen,149
451,Brooke Smith,405
1133,Dallas Roberts,405
1890,Tamala Jones,405
1034,Kyle Schmid,917
1592,Marie-Jos̩e Croze,150
1956,Tate Taylor,150
1022,Veronika Vernadskaya,150
50,Jack McGraw,150
1993,Steven Christopher Parker,150
1553,Elizabeth Blackmore,150
3007,Erin Bethea,150
2040,Elyas M'Barek,150
2102,Julia Ormond,918
1275,Jennifer Hale,918
1876,Brandon T. Jackson,918
1312,Thomas Kretschmann,918
3055,Katharine Isabelle,918
238,Emma Kenney,151
1049,Chita Rivera,151
1047,Peter Jason,151
1281,Tom Amandes,151
2404,Jimmy Jean-Louis,407
3027,Sean Whalen,407
2186,Rory Cochrane,407
589,Brian Thompson,663
1077,Austin Nichols,663
915,Jeff Kober,919
261,Rosie Perez,919
23,Thomas Kretschmann,919
469,Larry Joe Campbell,919
1870,William Smith,919
2560,Michael McLafferty,152
2197,Kim Darby,152
1534,Mari Koda,152
811,Youssef Hajdi,152
1929,Mishael Morgan,152
1561,Rick Gomez,152
955,Nichelle Nichols,664
1265,Jonathan Tucker,664
517,Elizabeth Perkins,664
587,Nate Parker,664
2024,Josh Henderson,920
654,Craig Roberts,920
1044,Michael Gough,920
330,Jake Gyllenhaal,15000
35,Mila Kunis,15000
2045,Alex Pettyfer,15000
404,Tom Hanks,15000
191,Emma Stone,15000
2836,Ken Bevel,153
1732,Meghan Heffern,153
1136,Bradley Pierce,409
1367,Kimberly J. Brown,409
2316,Ricky Schroder,665
1571,Jessika Van,921
2031,Reda Kateb,154
2271,Gerardo Taracena,154
1184,Art Carney,154
1271,Paul Anderson,154
1850,Boman Irani,154
304,Paul Sanchez,410
1579,Don Pardo,410
1918,Dul̩ Hill,922
803,Fisher Stevens,922
1330,Simon Yam,155
1268,Timothy Bottoms,155
2121,Richard Norton,155
2189,Jack Thompson,155
1735,Ian Gomez,155
151,Annet Mahendru,411
822,Lori Petty,923
698,Vanessa Ferlito,923
795,Masi Oka,923
1831,Sheridan Smith,156
2065,George Wendt,412
1942,Steven Michael Quezada,412
656,James Ransone,412
13,Mathieu Amalric,412
1200,Larry Hankin,412
547,Dee Bradley Baker,668
2744,Anil Kapoor,668
1745,Margo Harshman,668
923,Nolan Gerard Funk,924
1742,Louis Herthum,157
825,Roger Jackson,157
2486,Diana Scarwid,157
2758,Lauren C. Mayhew,157
2923,Eli Marienthal,157
2188,Tisha Campbell-Martin,413
2771,Gia Mantegna,413
852,Steve Schirripa,413
3035,Jeremy Sande,413
2308,Stephen McHattie,413
936,Laura Harring,669
510,Catherine O'Hara,925
1690,Jackson Nicoll,925
2449,Patrick Bauchau,158
3009,Jack Nance,158
684,Virginie Ledoyen,414
1905,Scott A. Martin,414
1228,F. Murray Abraham,670
334,Mason Lee,670
1680,Elaine Hendrix,670
877,David Carradine,926
2548,Manny Perez,159
2493,Kevin Leslie,159
2037,Michael McElhatton,415
1169,Donald Faison,927
1036,Mike Doyle,160
2672,Jane Wyman,160
1582,Karl Malden,416
1518,Kerry Condon,416
617,Bernard Hill,416
2269,Sarah Drew,416
2447,Glenn Ford,416
328,Hayden Christensen,4000
490,Kirsten Dunst,4000
29,Jon Favreau,4000
1568,Jordana Brewster,4000
965,Sarah Michelle Gellar,4000
352,Jon Hamm,4000
11,Lauren Cohan,4000
63,Salma Hayek,4000
385,Khamani Griffin,161
1992,Howard Morris,161
1926,Leonor Watling,161
2958,James Lance,161
1416,Mark Feuerstein,417
1643,Kyla Pratt,417
551,Ray Walston,417
1257,Jason Patric,673
767,David Zayas,929
209,Torey Michael Adkins,929
1677,Linda Kozlowski,162
2219,Tim Thomerson,162
2392,Gregory Sierra,162
2651,Balthazar Getty,418
2090,Brendan Coyle,418
2577,Wray Crawford,418
91,Omar Benson Miller,418
737,Swoosie Kurtz,418
375,Brian Anthony Wilson,674
1006,Jesse Borrego,674
1836,Wayne Pygram,163
2589,Ana Claudia TalancÌ_n,163
922,Richard Masur,163
2001,Natalie Stephany Aguilar,163
2620,Marisa Coughlan,163
2035,Om Puri,163
2322,Jordan Trovillion,163
270,Tod Fennell,419
2389,Victoria Leigh,419
1361,Jill Hennessy,419
600,Fred Rogers,419
2463,Esther Williams,675
1773,Erika Christensen,931
1754,Linda Blair,931
875,Justin Chambers,931
80,Sarah Silverman,931
2574,Zero Mostel,164
1635,Nina Hoss,164
1738,Nikola Djuricko,164
2208,Helen Hayes,164
2712,Robin Givens,420
1035,Pat Hingle,165
275,John Lone,165
1666,Gael Le Cornec,165
1376,Fernando Rey,165
1795,Michael Harding,165
2974,Ryan Kennedy,165
1490,Ken Davitian,165
2455,Terry,421
2347,Jamie Farr,421
2092,Annabelle Wallis,421
1216,Rob Paulsen,677
2492,Emmanuel Kabongo,677
219,Connie Nielsen,933
2270,Mary McDonnell,933
3023,Meredith Scott Lynn,166
1514,Shelley Long,422
2183,Jean Simmons,422
386,Veronica Cartwright,422
399,Alan Ford,422
2856,Tina Louise,422
1472,W. Earl Brown,422
1124,Isabelle Huppert,678
1400,Kim Shaw,934
137,Elodie Yung,934
1712,Mary Lynn Rajskub,934
1072,Frankie Muniz,934
2566,William Lee Scott,167
2096,Len Cariou,167
2215,Woody Strode,423
738,Amy Ryan,423
585,Kim Shaw,935
1689,Kane Hodder,935
827,Mary Lynn Rajskub,935
740,Luke Grimes,935
2363,Christian Campbell,168
1382,Jamey Sheridan,168
2406,Robert Neary,168
2949,Derek Brandon,168
1805,Michael Dorman,168
2946,Mark Hengst,168
2583,Remo,168
1972,Ronit Elkabetz,168
1871,Oona Laurence,424
2803,Fred Armisen,424
1489,Amy Yasbeck,424
2633,Salvator Xuereb,424
543,Debi Mazar,680
935,Michael Roark,680
3038,Olivia Cooke,680
2171,Paddy Considine,680
2232,Marc Trottier,680
1,Joel David Moore,936
853,Dean Stockwell,936
30,Alan Rickman,25000
329,Iv�Án Kamar�Ás,169
2875,Jeff Delaney,169
2846,Peter Riegert,169
2714,Claudiu Trandafir,169
2264,Richard Basehart,169
2500,Louise Fletcher,425
1450,Anne Heche,681
1090,David Costabile,681
1725,Jacob Tremblay,681
1098,Kevin Sussman,681
1163,Francis Capra,937
2824,Joshua Leonard,170
2817,Robinne Lee,170
1960,Katherine Kelly Lang,170
1590,Tanya van Graan,170
2719,Keith Richards,426
1987,Deborah Kerr,426
2108,Clu Gulager,426
2540,Leonor Varela,426
2456,Sanjay Dutt,426
848,Dylan Walsh,426
863,Jacqueline MacInnes Wood,682
1397,James Wolk,938
664,Gemma Jones,171
2775,Brian Dorton,171
2897,Andrew Daly,171
1496,Lindsay Duncan,171
2749,Alexia Rasmussen,171
2951,June Lockhart,427
397,Peter Dante,427
1140,Neil Brown Jr.,427
2199,Dylan Moran,427
473,Kevin McNally,427
1880,Lindy Booth,683
1953,Lauren German,683
985,Robert Davi,683
864,Burt Young,683
1771,Kelvin Taylor,939
265,Stephen Root,939
2857,Jake Sandvig,172
940,Klaus Maria Brandauer,172
1253,Tyrone Giordano,172
810,Dany Boon,172
146,Lee Ingleby,172
382,Currie Graham,172
2823,Edward Everett Horton,172
1161,Mary McCormack,428
881,Martin Landau,940
705,Mo'Nique,940
971,Victor Webster,940
1636,Cam Clarke,173
1295,Benǫt Magimel,173
1347,No̩mie Lenoir,173
1445,Ty Olsson,429
1141,Amrish Puri,429
1798,Tatyana Ali,685
2315,Blair Underwood,685
873,Jimmy Smits,941
1028,Kyra Sedgwick,941
1441,Caity Lotz,941
2043,Cynthia Rhodes,174
483,Tony Amendola,174
2407,A. Michael Baldwin,174
1455,Randy Jones,174
318,Rick Worthy,174
2296,J.D. Evermore,430
2568,Charlotte Rae,430
393,Danny Huston,430
1108,David Hewlett,686
1097,Rhys Wakefield,942
990,Bill Bailey,175
1909,Sergej Trifunovic,175
2873,Joel Paul Reisig,431
1608,Tessa Thompson,431
166,Fiona Shaw,687
1984,Clive Standen,687
163,Zo�Ç Kravitz,943
2675,Walter Pidgeon,176
1940,Joe Flaherty,176
1937,Emmanuelle Riva,432
2145,Blake Ritson,432
541,Stockard Channing,944
102,Liam Neeson,14000
55,Colin Firth,14000
85,Vin Diesel,14000
943,Bradley Cooper,14000
558,Al Pacino,14000
1255,Milla Jovovich,14000
24,Kate Winslet,14000
154,Josh Hutcherson,14000
2595,J.J. Abrams,14000
2412,Jack Albertson,177
351,Henry Czerny,177
1530,John Amplas,177
2042,Lois Maxwell,177
2834,Sally Kirkland,433
1053,Jed Brophy,433
851,Beau Garrett,689
1589,Justin Kirk,945
1027,Lauren Ambrose,945
1439,Katherine Waterston,178
1978,David Hemmings,178
2399,LisaGay Hamilton,178
2294,Dorothy Lamour,178
1997,Lynn Whitfield,434
1272,Jorma Taccone,434
2692,Cleavon Little,434
858,Scott Porter,690
2073,Marley Shelton,690
1440,Kylie Minogue,690
1474,Thomas F. Wilson,690
1576,Michael Nyqvist,690
303,Alan Ruck,946
1676,Andrea Martin,179
2226,Greg Germann,435
1485,Sarah Gadon,691
300,Mako,691
977,Marsha Thomason,691
2676,Riley Keough,691
640,Kylie Minogue,691
302,Michael Angarano,947
3003,Hassan Johnson,180
1899,Tim DeKay,436
1551,Kevin Clash,436
2165,Louis Lombardi,436
2753,Frank Whaley,436
392,Cedric the Entertainer,436
2119,Lillian Gish,436
448,Sarah Gadon,692
425,Jeffrey Jones,692
1266,Rupert Everett,692
1139,Jason Lewis,948
1934,Katrina Bowden,948
1914,Ryan Donowho,181
1127,Toby Leonard Moore,181
337,Steve Reevis,437
793,Clarke Peters,437
1194,Michael Jeter,693
746,Jane Fonda,949
2944,Luke Mably,438
2179,Sprague Grayden,438
2193,Cameron Mills,694
702,Gregory Smith,694
309,Scott Thompson,183
1143,Nina Arianda,183
2411,Jimi Mistry,183
1713,Patrick Wayne,439
1193,Boyd Holbrook,439
1198,Michael Landes,439
1070,Alison Doody,439
1344,Jim Carter,439
2729,Anne Heche,695
250,Randy Quaid,695
3058,Suzi Lorraine,184
1620,Erica Leerhsen,184
2842,Bill Clinton,184
3024,Tom Ardavany,184
690,Stephen Walters,184
2706,Ron Rifkin,184
1442,Eric McCormack,440
2194,Peter Ustinov,440
428,Yeardley Smith,440
606,Don S. Davis,440
1711,Brighton Sharbino,3000
2007,Julie Benz,3000
64,Brendan Fraser,3000
340,Robert Duvall,3000
967,Justin Timberlake,3000
345,Bailee Madison,3000
202,Adam Scott,3000
813,Haley Joel Osment,3000
946,Colin O'Donoghue,3000
362,Don Cheadle,3000
652,Seth MacFarlane,3000
104,Rami Malek,3000
1944,Katrina Kaif,3000
39,Bryce Dallas Howard,3000
144,Dominic Cooper,3000
15,Christopher Meloni,3000
530,Tom Welling,3000
588,Leighton Meester,3000
2300,Mia Wasikowska,3000
129,Rosario Dawson,3000
246,Rufus Sewell,3000
1734,Ezra Miller,3000
704,Ty Burrell,3000
1581,Alyson Hannigan,3000
1892,Jennifer Garner,3000
136,Djimon Hounsou,3000
1746,Mary Astor,185
2862,Ann Dowd,185
2956,Jacob Zachar,185
1386,Constance Marie,441
2266,Kevin Michael Richardson,441
561,Alan Dale,441
1405,Marc John Jefferies,441
443,Jim Parrack,697
1122,John Heard,697
1105,Doug E. Doug,953
83,America Ferrera,953
2733,Manoj Bajpayee,186
1877,Celia Imrie,186
1250,Paul Hogan,442
158,Constance Marie,442
315,Tom Noonan,442
801,Elton John,442
1426,Hope Davis,442
1715,Mark Webber,442
484,Jack O'Connell,698
730,Brian Dennehy,954
1760,Eric Winter,954
2307,John Vernon,187
2377,Rupert Graves,443
1303,David Hyde Pierce,443
2242,Esai Morales,699
477,Lisa Edelstein,955
1764,Katherine Boecher,188
2793,Melora Walters,188
1260,Nia Peeples,444
232,Jason Alexander,700
975,Noureen DeWulf,700
133,Tony Goldwyn,956
293,Leven Rambin,956
34,Sophia Myles,956
1080,Christian Stolte,189
2981,Chase Masterson,189
2201,Clifton James,189
2475,Melvyn Douglas,189
2518,Ruby Harris,189
2640,Jenny O'Hara,189
2838,Peter Breck,189
1951,Alex Vincent,189
1948,Earl Cameron,189
1806,Kelly LeBrock,445
989,Chad Lindberg,445
592,Noureen DeWulf,701
771,Carter Jenkins,701
181,Matt Long,701
642,John Michael Higgins,957
1307,Ellen Albertini Dow,957
960,Wilford Brimley,957
56,Kiran Shah,190
843,Paul Scheer,190
2203,Deborah Foreman,190
1943,Keisha Castle-Hughes,446
1848,Kelli Williams,446
1279,William Morgan Sheppard,702
159,Andre Braugher,702
1243,Aaron Staton,702
1385,Thekla Reuten,191
2352,Kate Dickie,191
2175,Bill Erwin,191
2636,Lisa Brave,191
1149,Noah Lomax,447
2147,C̩cile De France,447
1422,Vincent Regan,447
499,Alun Armstrong,192
2454,Terry Kiser,448
364,Annabella Sciorra,448
1222,Gedde Watanabe,448
1371,Jaime King,960
358,Agnes Moorehead,960
350,Lili Taylor,960
1512,Paul Freeman,193
2301,Lorelei Linklater,193
2561,James Kyson,449
821,Scott Elrod,449
2003,Heather Langenkamp,449
97,Jaime King,961
2980,Jordan Bridges,194
1762,Amy Irving,194
3072,Stanley B. Herman,194
2541,Tawny Kitaen,194
1157,Richard Sammel,194
2602,CJ Adams,450
1847,Marc Donato,450
856,John Larroquette,450
412,BrÌ_an F. O'Byrne,450
2329,Eamonn Walker,706
759,Mike Epps,706
1165,Zoe Kazan,962
1223,Greta Gerwig,962
579,Leonard Roberts,962
1100,Chris Noth,962
612,Thomas McDonell,962
1844,Giancarlo Giannini,451
467,Ashraf Barhom,451
2180,Shelley Hennig,707
938,Molly C. Quinn,707
624,Michael Kelly,963
2223,Paz Vega,963
2559,Kent McCord,196
2759,Eddie Albert,196
254,Ni Ni,196
233,Wendie Malick,452
1446,Dexter Fletcher,452
907,Stephen Collins,452
574,Teri Polo,708
1585,Natasha Richardson,708
410,Paz Vega,964
2391,Judith Anderson,197
1970,Thure Lindhardt,197
1988,BergÌ_zar Korel,197
2570,Mario Cimarro,453
2894,Paul Elia,709
108,Daniel Bernhardt,198
2628,T.J. Storm,454
241,Rene Auberjonois,710
1958,Rory Culkin,710
2619,Jean-Paul Belmondo,710
514,Romany Malco,966
1093,Kirk Baltz,199
1377,Phil Collins,455
689,Chris Penn,455
1908,Jeanne Tripplehorn,711
1829,Jason London,711
548,Dianne Wiest,967
152,Wayne Knight,967
1904,Rekha,200
2192,Edwin Hodge,200
2890,Jesse Garcia,200
1499,Barry Bostwick,456
1087,Yaya DaCosta,712
2788,Leila Hatami,712
1346,Alex Rocco,968
47,Clifton Collins Jr.,968
479,Miko Hughes,968
58,Heath Ledger,13000
259,Bruce Willis,13000
281,Matt Damon,13000
57,Michael Fassbender,13000
234,Sylvester Stallone,13000
71,Bill Murray,13000
481,Eddie Redmayne,13000
1743,Everett McGill,201
2514,Daniela Bianchi,201
1335,Charlotte Le Bon,201
2725,Jenny Slate,457
2697,John Jarratt,457
1005,Lee Arenberg,457
1249,Essence Atkins,713
228,Blythe Danner,713
2663,Miko Hughes,969
1451,Ashley Williams,969
3028,Lena Dunham,969
1045,Lois Chiles,202
2382,Gert Fr̦be,202
2625,Leo Fitzpatrick,202
779,Giovanna Mezzogiorno,202
1613,Jos̩ Ferrer,202
2590,Gina Montana,458
900,Bill Cobbs,970
411,Jon Heder,970
2195,Lindsay Wagner,970
1018,Melissa Benoist,970
2046,Emma Caulfield,970
1536,Elaine Cassidy,203
2187,Gary Lewis,203
2734,Dian Bachar,203
1952,Tucker Albrizzi,203
1540,Owain Yeoman,459
1282,Madison Davenport,459
1069,Fred Ward,459
1866,Alexis Dziena,715
2440,David Bianchi,715
2495,Ava Gardner,715
835,Kate Upton,971
792,Dax Flame,971
1651,Zach Gilford,971
376,Elizabeth Daily,971
2224,Mia Kirshner,971
1515,Shaun Evans,204
2996,Martin Compston,204
1065,Audrey Fleurot,204
625,Sophie Okonedo,460
1120,Atom Egoyan,460
2668,Bryan Callen,460
94,Callum Rennie,716
982,Paris Hilton,716
19,Adam Brown,972
565,Mia Kirshner,972
3077,Caitlin FitzGerald,205
2601,Will Estes,461
769,Bob Gunton,461
1739,Tara Platt,461
60,Rainn Wilson,973
189,Marc Blucas,973
2026,Lucy Fry,206
1417,Shaun Toub,206
1003,Martin Donovan,206
2953,Brit Morgan,206
2141,Diane Ladd,206
1109,Lobo Sebastian,206
1936,Burt Kwouk,462
488,Lily Tomlin,718
595,Beth Riesgraf,718
2510,Martha Higareda,718
2786,Christopher Berry,207
2763,Sticky Fingaz,207
762,Shea Whigham,463
1323,Dash Mihok,463
2555,Caleb Landry Jones,463
2572,Ben Schwartz,463
839,Mario Lopez,719
1138,Jerry Stiller,719
79,Daniel Henney,719
1062,Jack McBrayer,975
1106,Alicia Witt,975
331,Michael Rapaport,975
1410,Zachary Gordon,975
2506,Teresa Wright,208
532,Mekia Cox,208
1420,Carroll Baker,208
1263,Matthew Knight,464
954,Lindsay Sloane,464
227,Ramon Rodriguez,464
1504,Kay Panabaker,720
545,Michael Wincott,720
1544,Mary-Kate Olsen,976
527,Alicia Witt,976
167,Toby Jones,2000
2150,Michael Jai White,2000
186,Abbie Cornish,2000
323,Linda Cardellini,2000
395,Michael Biehn,2000
972,Jaymes Butler,2000
14,Ruth Wilson,2000
1744,Matt Smith,2000
616,Natascha McElhone,2000
674,Demi Moore,2000
312,Hunter Parrish,2000
744,Noel Gugliemi,2000
1079,Michiel Huisman,2000
2239,John Stamos,2000
567,Kevin Zegers,2000
596,Frank Welker,2000
629,Tina Fey,2000
27,Judy Greer,2000
572,Olivia Munn,2000
826,Alison Brie,2000
390,Miranda Cosgrove,2000
73,Sharlto Copley,2000
757,Kelly Macdonald,2000
2381,Eric Dane,2000
820,Alyson Stoner,2000
92,Mike Vogel,2000
911,Alexa PenaVega,2000
69,Dennis Quaid,2000
256,Matthew Broderick,2000
1088,Jurnee Smollett-Bell,2000
143,Ming-Na Wen,2000
153,Hayley Atwell,2000
850,Odeya Rush,2000
179,Ioan Gruffudd,2000
2801,Ron Howard,2000
1107,Matthew Perry,2000
1510,Jamie Lee Curtis,2000
710,Billy Burke,2000
199,Adam Baldwin,2000
1991,Angela Cartwright,209
2401,Deon Richmond,209
2357,Gloria Votsis,209
2711,Ashley Laurence,209
2680,Randeep Hooda,209
1761,Alex Russell,465
1821,John Enos III,465
1380,Joseph Julian Soria,465
2298,Hill Harper,465
1895,Michael Wincott,721
1606,Tasha Smith,721
647,Don Rickles,721
2280,Michael Berryman,721
728,Faye Dunaway,977
919,Paul Guilfoyle,210
2164,Luke Kirby,210
426,Patrick McGoohan,466
2710,Ingrid Bols�ü Berdal,466
401,Chi McBride,466
618,Matt Lucas,722
529,Kristin Davis,722
417,Sean Pertwee,722
1224,Dana Delany,722
176,T.J. Thyne,722
2768,Shona Kay,211
1865,Austin O'Brien,211
546,Ned Beatty,467
869,Thomas Horn,467
3043,Christa Miller,467
1830,John Witherspoon,723
272,Craig T. Nelson,723
1095,Costas Mandylor,723
171,Eddie Marsan,979
706,Chazz Palminteri,979
3063,Heather Burns,212
1973,Steven Waddington,212
237,Ryan Corr,468
54,Liam James,468
747,Enrico Colantoni,724
1502,Sasha Alexander,980
1204,Kirstie Alley,980
842,Margarita Levieva,980
1215,Ava Acres,213
2613,Clifton Powell,469
1696,Joseph Cotten,469
2881,Cheyenne Jackson,469
1778,Edi Gathegi,725
2833,Ringo Starr,725
1846,Dee Wallace,725
2221,Scott Takeda,981
43,Bruce Greenwood,981
999,Nat Faxon,214
3078,Daphne Zuniga,470
798,Richard Burton,726
671,James Badge Dale,726
81,Eddie Deezen,726
436,John Amos,982
348,Ethan Embry,982
1749,Don Johnson,982
416,Bruce Greenwood,982
1619,Katy Mixon,982
1691,Sharon Lawrence,215
2593,Bill Irwin,471
1718,Elliott Gould,471
1470,Alexandra Maria Lara,471
1372,Nick Krause,727
2632,Alia Shawkat,727
1171,Robert Maillet,727
1612,JoAnna Garcia Swisher,983
2077,Susie Abromeit,216
188,Domenick Lombardozzi,216
763,Valerie Cruz,216
1722,Orson Bean,216
1203,Gregory Itzin,216
1419,Robert Miano,216
1304,Jeff Anderson,216
16,Pierfrancesco Favino,216
1868,Kevin Tighe,472
1359,Jim Gaffigan,472
2723,Callie Thorne,472
2372,John Simm,472
832,Powers Boothe,472
687,Rumer Willis,472
1465,Sammo Kam-Bo Hung,472
828,Bruce Greenwood,984
2200,Randy Wayne,984
4,Christian Bale,23000
40,Paul Walker,23000
455,Shane Hartline,217
2580,Mike 'The Miz' Mizanin,217
2797,Kurt Angle,217
463,Indira Varma,729
52,Fred Willard,729
1989,Jim Henson,985
1173,Martin Starr,985
1980,Max Beesley,218
1881,Paul Ben-Victor,218
2076,Chris Pontius,218
1432,Lynn Cohen,474
1923,Harvey Weinstein,474
486,Leon,730
578,Morgan Fairchild,730
1041,Kelli Garner,730
1867,Al Leong,730
2103,Matt Frewer,986
1273,Devon Murray,219
2950,Kate Flannery,219
1356,John Aylward,219
552,David Rasche,219
242,Patrick Muldoon,475
1874,Clarence Williams III,475
1672,David Rasche,220
1429,Dustin Nguyen,220
1227,Riley Thomas Stewart,220
466,Robert Blake,220
1505,Susan May Pratt,220
1664,Gina Bellman,476
1941,Michaela McManus,476
2072,Cheryl Ladd,476
927,Ryan Cartwright,476
2409,Jessica De Gouw,476
2426,Megalyn Echikunwoke,476
2253,Bob Dylan,476
1501,Olivia d'Abo,476
1254,Taron Egerton,732
2241,Cyndi Lauper,732
400,Common,988
1078,Bernardo Saracino,221
2250,Lukas Haas,733
2735,Nat Wolff,733
1409,Bruce Greenwood,989
659,Gary Cole,989
2297,Harold Gould,222
2457,Patricia Richardson,222
1818,Matt Prokop,734
1187,Joel McHale,734
952,Quinton Aaron,734
1882,Zayn Malik,734
434,Eve,223
1787,Veronika Dash,223
2154,Belinda Stewart-Wilson,223
339,Joseph Sikora,223
1175,Judy Davis,223
1277,Kate Burton,223
2054,Allison Miller,479
247,Anna Friel,735
2670,Joan Fontaine,991
1316,Radha Mitchell,991
3061,Katie Aselton,224
981,Hiam Abbass,224
1449,Charlie Saxton,224
2259,Douglas Smith,480
2562,James Corden,480
1229,David O'Hara,736
536,Radha Mitchell,992
190,Tao Okamoto,992
1048,Norman Reedus,12000
643,Taylor Lautner,12000
61,Jeff Bridges,12000
135,Leonard Nimoy,12000
130,Anthony Hopkins,12000
128,Steve Buscemi,12000
142,Dwayne Johnson,12000
2448,Michael Nouri,225
77,Kathy Griffin,225
1308,Robert Wagner,481
2417,Grace Gummer,481
1366,Teri Garr,481
1340,Neil Diamond,226
2519,Brock Peters,226
1772,Mare Winningham,482
2531,Sarah Clarke,482
3041,Jon Gries,482
1177,Fionnula Flanagan,482
879,Callum Blue,738
785,Julia Nickson,738
1609,Adam Lamberg,738
2317,Leos Carax,227
2825,Jimi Hendrix,227
316,Zachery Ty Bryan,227
2169,Steven Mackintosh,227
1784,Andy Lau,483
1103,Drea de Matteo,739
372,Jenna Elfman,739
672,Hector Elizondo,995
1935,Victor Rivers,228
2644,Jaime Zevallos,228
1320,Keeley Hawes,228
770,Brian Doyle-Murray,484
260,Liza Minnelli,740
453,Phill Lewis,229
535,Dawn French,229
2148,Shawn Parsons,485
2639,Jim O'Heir,485
947,Xander Berkeley,485
2851,LisaRaye McCoy,485
861,Aimee Teegarden,741
855,Johnny Lewis,741
1716,Chris Brown,997
2098,Marin Hinkle,230
2133,Lynne Thigpen,230
1703,Stephen Marcus,230
1781,Michael Lerner,230
1478,Jenni 'Jwoww' Farley,230
2611,Ben Johnson,230
409,Moritz Bleibtreu,486
1343,Paulo Costanzo,486
2161,Richard Bull,742
1541,Donald Pleasence,742
959,Kelly Preston,742
2302,Dr. Dre,231
2745,Patsy Kensit,231
2933,Mike White,487
2938,Charlie Bewley,487
214,Kelly Preston,743
1196,Dirk Bogarde,232
2290,Maury Chaykin,232
2396,Royal Dano,232
1885,Chad Allen,232
1152,Deborah Twiss,488
988,William Hootkins,488
2558,Jansen Panettiere,488
2610,Donna Reed,488
1602,Ayelet Zurer,744
937,Dave Chappelle,744
464,50 Cent,1000
495,Jennifer Grey,1000
790,Holly Hunter,1000
929,Maggie Siff,1000
286,Joshua Mikel,1000
430,Raven-Symon̩,1000
694,Anjelica Huston,1000
183,Bernie Mac,1000
320,Kieran Culkin,1000
1130,Madeline Carroll,1000
89,Jason Flemyng,1000
1164,Clea DuVall,1000
489,Jay Hernandez,1000
1066,Ethan Suplee,1000
892,Mekhi Phifer,1000
1492,Lea Thompson,1000
2249,Takashi Miike,1000
204,Tom Wilkinson,1000
357,Dorian Missick,1000
2695,Dane Cook,1000
516,Amy Poehler,1000
1240,Alexandra Breckenridge,1000
1796,Alden Ehrenreich,1000
2005,Justin Theroux,1000
342,CCH Pounder,1000
387,Janeane Garofalo,1000
1073,Alfie Allen,1000
49,Ray Winstone,1000
226,Tia Carrere,1000
356,Leslie Bibb,1000
650,Jorge Garcia,1000
1433,Omar Sy,1000
1573,Danneel Ackles,1000
156,Lisa Ann Walter,1000
553,LeVar Burton,1000
734,Christopher Masterson,1000
871,Bill Duke,1000
956,Robert Mitchum,1000
1014,Ellen Burstyn,1000
1653,Corbin Bernsen,1000
639,Vanessa Williams,1000
681,Jim Broadbent,1000
444,Alison Lohman,1000
344,Jennifer Jason Leigh,1000
367,Harold Perrineau,1000
1237,Oliver James,1000
2126,Alona Tal,1000
283,Goran Visnjic,1000
437,Josh Charles,1000
1309,Busy Philipps,1000
38,John Ratzenberger,1000
2576,Kevin Alejandro,1000
147,Peter Mensah,1000
338,Jesse McCartney,1000
408,Christina Milian,1000
531,Roger Rees,1000
1001,Tye Sheridan,1000
676,Dania Ramirez,1000
2010,Dan Byrd,1000
1050,Shannon Elizabeth,1000
1132,Birgitte Hjort S�ürensen,1000
1545,Greg Nicotero,1000
1572,Angus T. Jones,1000
1814,Peter Cushing,1000
1759,Sid Haig,1000
2707,Burgess Meredith,1000
472,Stephanie Szostak,1000
1154,Danny Masterson,1000
1326,Landon Liboiron,1000
2578,Michael Aaron Milligan,1000
570,Adam Goldberg,1000
1033,John Belushi,1000
450,Clint Howard,1000
497,Boris Kodjoe,1000
333,Kristin Scott Thomas,1000
441,Bridgit Mendler,1000
636,Joe Mantegna,1000
1348,Jack Davenport,1000
222,Tobias Menzies,1000
239,Mark Margolis,1000
571,Stephen Graham,1000
580,Dylan Minnette,1000
754,Madeline Kahn,1000
1170,Elena Anaya,1000
262,Josh Gad,1000
297,Oliver Platt,1000
857,Sam Trammell,1000
1843,John Abraham,1000
213,Steve Coogan,1000
776,Omari Hardwick,1000
996,Brooke Shields,1000
1217,Ben Feldman,1000
280,LL Cool J,1000
700,James Frain,1000
921,Jason Marsden,1000
979,Raul Julia,1000
1357,Qi Shu,1000
590,Spencer Wilding,1000
2464,David Huddleston,1000
101,Alice Braga,1000
784,Daniel Roebuck,1000
462,Laurence Olivier,1000
1208,Mara Wilson,1000
325,Cameron Monaghan,1000
1820,Mireille Enos,1000
1597,Jennifer Ehle,1000
75,Cary-Hiroyuki Tagawa,1000
124,Zach Callison,1000
494,Natasha Lyonne,1000
872,David Fine,1000
206,Sullivan Stapleton,1000
493,Abigail Spencer,1000
583,Kurtwood Smith,1000
269,David Oyelowo,1000
735,Alfre Woodard,1000
290,Tom Skerritt,1000
368,Devin Ratray,1000
415,Daniel Sharman,1000
1025,Ian McDiarmid,1000
2413,Zach Galligan,233
560,Nona Gaye,233
1692,Julie Kavner,233
2808,Nichola Burley,233
808,Dong-gun Jang,489
1144,Kevin Chamberlin,489
1233,Eddie Griffin,489
1174,Sofia Vassilieva,489
818,Annabeth Gish,489
726,Albert Brooks,745
519,Jeffrey DeMunn,745
110,Ayelet Zurer,745
1862,Vernon Wells,745
139,Billy Crudup,745
2451,Gregory Cruz,234
2784,D. David Morin,234
1547,Valente Rodriguez,234
1293,Sean Buchanan,234
116,Simon Merrells,490
721,Jamie Kennedy,490
1358,Rachel Blanchard,490
1552,David Niven,490
2756,Matt Walsh,490
1688,Eliza Coupe,490
2887,Eve Plumb,235
2524,Jackie Gleason,491
1094,Josh Hopkins,491
1030,Cas Anvar,491
2556,Colin Ferguson,747
2441,Shantel VanSanten,747
1116,James Burnett,236
1974,Ma�øwenn,236
2340,Reece Ritchie,236
1977,Frederic Forrest,236
2868,John McGlothlin,492
658,Ben Mendelsohn,748
1328,Sarah Carter,748
550,Harry Lennix,748
169,Rachel Crow,237
1294,Jenny McCarthy,749
1444,Demi�Án Bichir,749
2796,Eion Bailey,749
2726,Michael O'Keefe,238
1741,Aden Young,238
2326,Michael Cerveris,238
1819,Jack McGee,238
1414,Deborah Kara Unger,494
1463,Aaron Ashmore,750
2074,Terence Hill,750
2052,Shauna Macdonald,239
2629,Rhonda Fleming,239
1629,Firass Dirani,239
1040,Rollo Weeks,239
1046,Mika Boorem,495
657,Deborah Kara Unger,495
2579,Anthony Edwards,495
485,Courtney B. Vance,495
1549,Hana Mae Lee,751
533,Monique Gabriela Curnen,240
1123,Richard Roundtree,240
1577,Amanda Detmer,240
361,Mika Boorem,496
2527,Irene Bedard,752
456,Robert De Niro,22000
42,Peter Dinklage,22000
90,Philip Seymour Hoffman,22000
1334,Michael Papajohn,241
1883,Philip Baker Hall,497
2127,Annette Badland,497
526,Patrick Fischler,497
1362,Cherry Jones,242
1031,Danny Nucci,242
2438,Angie Dickinson,754
878,Cliff Robertson,754
897,Anne Bancroft,754
359,Penn Jillette,243
591,Irene Papas,243
2634,Theresa Russell,243
1990,Lindsay Price,499
1276,James Brolin,499
901,Takeshi Kaneshiro,755
2959,Vivian Lamolli,755
845,Desmond Llewelyn,244
2342,Howard Keel,244
2867,Bruce Vilanch,244
282,Harvey Fierstein,500
1408,Taran Killam,500
2693,Sabrina Carmichael,500
934,Damon Wayans Jr.,756
2361,Geoff Stults,756
1390,Lee Marvin,756
119,Noah Ringer,756
2118,John D'Leo,245
637,Billy Gardell,245
2673,Jenni Rivera,245
523,Timothy Hutton,501
2554,Neil Maskell,246
2330,Angelo Tsarouchas,246
1274,Steve Railsback,246
2305,William Hickey,246
1269,Zach Grenier,246
2790,Ken Leung,502
2452,Paula Jai Parker,247
1857,Kevin Nealon,503
1554,Harland Williams,503
355,Charles Napier,503
2926,Elizabeth Stenholt,503
1548,Adam Boyer,503
1142,Cree Summer,503
111,Diedrich Bader,759
1156,Sean Young,759
961,Marg Helgenberger,759
2327,Tiffany Thornton,248
1665,Wendy Crewson,248
1015,Kevin J. O'Connor,248
2533,Shelley Waggener,248
2858,Jack Plotnick,248
894,Matt Ross,248
2385,Dick Clark,504
1313,Kenny Baker,504
2525,Spencer Tracy,760
2261,Bubba Smith,760
327,Sean Hayes,760
10,Daniel Radcliffe,11000
86,Anne Hathaway,11000
1854,Harold Ramis,11000
255,Zooey Deschanel,11000
240,Matthew McConaughey,11000
365,Jon Lovitz,11000
7,James Franco,11000
76,Chris Evans,11000
99,Angelina Jolie Pitt,11000
528,Woody Allen,11000
609,Meryl Streep,11000
288,Adam Sandler,11000
635,Jason Momoa,11000
17,Sam Claflin,11000
41,Brad Pitt,11000
231,Christoph Waltz,11000
673,Harrison Ford,11000
66,Morgan Freeman,11000
2039,Mary Goggin,249
2937,Anne Archer,249
292,George Harris,249
1856,Richard Beymer,249
1424,Tiffany Dupont,249
1013,June Diane Raphael,249
1244,John Gielgud,249
1954,Denholm Elliott,249
170,Bruce Davison,505
908,Sean Maher,505
2849,William Katt,505
2028,Helena Mattsson,505
1288,Antony Starr,506
391,Richard Schiff,506
966,Riley Smith,762
236,Ed Speleers,762
2879,Dennis L.A. White,251
2376,Perry King,251
2861,Joanne Whalley,507
3044,Johnny Walter,507
603,Michael Irby,507
1151,Lily Rabe,763
2246,Cody Howard,763
1285,Christopher Evan Welch,252
1207,Maia Morgenstern,252
1902,Eddie 'Piolin' Sotelo,252
1562,Tamara Tunie,508
253,Felicity Huffman,508
394,Tyler Mane,764
2621,Gage Golightly,253
1525,Mackenzie Gray,253
876,Andrea Frankle,253
1379,John Fiedler,253
45,Elizabeth Debicki,509
267,Noah Taylor,509
2178,Amiah Miller,509
460,Brandy Norwood,509
2029,Jessica Tandy,509
621,Maura Tierney,509
2318,Dan Futterman,254
722,Fares Fares,254
775,Olivia Williams,766
126,Colin Salmon,766
1566,Ron Lester,255
2681,John Forsythe,255
1788,Aleksa Palladino,255
1756,Randall 'Tex' Cobb,255
1075,Ken Takakura,255
2262,Christopher Atkins,511
2819,Lee Armstrong,511
1616,Tim Daly,511
70,Mindy Kaling,767
1261,Phoebe Cates,767
1114,Aidan Quinn,767
