actor_3_id,actor_3_name,actor_3_facebook_likes
2720,Benjamin Fletcher,0
3499,David Barnes,0
2902,Amy Badberg,0
3257,Claudia LapacÌ_,0
2680,Lyubov Agapova,0
3295,Francine Blake,0
3466,Emily Gorell,0
1171,Tobey Maguire,0
2938,Ivette Alvarez,0
3076,Yaakov Peri,0
3109,Mirlan Abdulayev,0
2723,Puti Sri Candra Dewi,0
3057,Nadine Labaki,0
3495,Phil Fish,0
2263,Anna Vareschi,0
2827,Breckin Meyer,0
2991,Kim De Angelo,0
3411,Richard Spore,0
393,Charlie Cox,0
2802,Ang̩lica Sancio,0
3479,Michael Landers,0
3380,Mike Block,0
3428,Jeff Jacob,0
3363,Renee Leblanc,0
3378,Andy Cohn,0
3300,Andrej Nahtigal,0
3398,Raquel Nave,0
3500,Arik Ascherman,0
3352,Eric Worre,0
462,Damian Lewis,0
2659,Dileep Raj,0
3294,Khaira Arby,0
3307,Paul Daggett,0
845,Matthew Macfadyen,0
3264,Donna Zovko,0
3436,Craig Dougherty,0
1360,Tencho Gyalpo,0
1514,J̩r̫me Deschamps,0
1578,Gabriel AlmirÌ_n,0
3198,Jason Bateman,0
3227,Summer Napoles,0
3245,Teddy Doloir,0
3535,Jean Caffeine,0
2459,Valentin Golubenko,0
2630,Ken Davis,0
3312,Mohamad Haref Harati,0
3329,Zhonghua Chen,0
3530,Parker Riggs,0
3302,Shriman Umeshanad Brahmachari,0
3553,Quynn Ton,0
3558,David Chandler,0
3546,Mojgan Faramarzi,0
2918,Steve Burg,0
3456,Ejner Federspiel,0
2133,B�Álint P̩ntek,0
2565,Colin Farrell,0
3133,Juan Carlos Montoya,0
3458,John Reeves,0
3382,Christian Kapper,0
432,Tom Sizemore,0
3090,Matt Hunter,0
2325,Woo-hee Chun,0
2380,David Thewlis,0
2487,Stellan Skarsg̴rd,0
3031,Jean-Louis Blondeau,0
3222,Joseba Ugalde,0
3239,Patrick Wilson,0
2981,Zahava Solomon,0
3444,Swami Krishnanad,0
1750,Margaret Tracey,0
3344,Laura Flanders,0
3547,Emma Eliza Regan,0
3332,Chin-Chien Chang,0
2789,Peter Agnefjall,0
3505,Amelia Giancarlo,0
2531,Bill Baird,0
3150,Joe Marino,0
3490,Mary Carr,0
2618,Chloe Hollings,0
3390,Graziella Galvani,0
3455,L̩on Schwartzenberg,0
3467,Ana Vatamanu,0
995,Sean Connery,0
2965,B̩atrice Bonifassi,0
3195,Aasheekaa Bathija,0
3438,William Condos,0
3041,Sonam Kinga,0
3192,Syamsul Arifin,0
3477,Mike Brett,0
3203,Hallee Hirsh,256
127,Matt Craven,256
3100,Cullen Douglas,256
1736,Hope Olaide Wilson,256
1167,Warren Brown,256
1409,Monica Keena,512
684,Willie Garson,512
973,Jane Curtin,257
2210,Vic Morrow,257
3375,James Doohan,513
2303,Bolaji Badejo,513
495,George Carlin,769
3297,Marianne Denicourt,2
3388,Thierry Harcourt,2
2894,Henri Garcin,2
1977,Aubrey Poo,2
3273,Isiah Thomas,2
1687,Jeff DeRocker,2
2029,Jaroslaw Boberek,2
3555,Sara Stepnicka,2
1048,Ljubomir Kerekes,2
1910,Dororthy Thorton,2
1711,Matthew Walker,2
3309,Bob Dole,2
3173,Barbara Kowalcyk,2
2027,Olgierd Lukaszewicz,2
2039,Sedona Legge,2
1181,Yuria Nara,2
2239,Carlo Cecchi,2
3058,Alejandro Furth,2
3473,Simon Baron-Cohen,2
2145,Hailu Qin,2
3283,Karolina Wydra,258
3258,Arly Jover,258
1355,Ben Chaplin,258
1875,Trent Ford,258
149,Celia Weston,258
1884,Lynn Redgrave,258
805,Marcel Iures,258
2549,John Hillerman,258
884,Kari Wuhrer,514
2294,Zelda Rubinstein,770
2663,Paul Glover,3
3124,Jos̩ Manuel Orozco Angulo,3
3353,Ellia Thompson,3
3163,Sakae Kimura,3
2135,Ryu Kohata,3
3131,Zo�Ç Poledouris,3
3102,Laurent Poitrenaux,3
3423,Kirsten Collins,3
1389,Joseph Kaiser,3
3032,Rachel Nash,3
3504,A.J. DeLucia,3
1375,Peter McNicholl,3
3472,Max Kerstein,3
2967,Marie Pillet,3
2345,Stian Smestad,3
1469,Kate Harbour,3
3255,Fritz Kortner,3
2972,Joe Simpson,3
2134,Dahong Ni,3
3145,Brent Neale,3
2674,Hans Kesting,3
3097,MarÌ_a Alche,3
3430,Annelyse Ahmad,3
3529,Justin Rice,3
1717,Chi Chung Lam,3
3512,Joffre Soares,3
2080,Lee J. Cobb,259
1906,Jessica Raine,259
3468,Flint Beverage,259
1040,Tim Guinee,259
442,Mo Gallini,771
2910,Dominik Castell,4
2670,Miguel ́ngel Sol�Á,4
2393,Tessh̫ Genda,4
3212,Javed Sheikh,4
2744,James Hall,4
3210,Heather Bucha,4
2387,Evan McGuire,4
3319,Kamatari Fujiwara,4
2462,Stephen Au,4
2254,Gen Seto,4
3538,Janet Lee Dapper,4
2781,Glenn Erland Tosterud,4
3542,Mugambi Nthiga,4
2811,Ni Yan,4
975,Cheryl Penland,4
3129,Luis Miranda,4
2900,Zheng Xu,4
3376,Charles King,4
2114,Zhengyong Zhang,4
2144,Akira Terao,4
2650,Milan Lasica,4
453,Paul Dooley,260
2952,Louise Brealey,260
1898,Jason Wiles,260
1077,Harry Treadaway,260
1855,Matt Servitto,260
3189,Chase Ellison,772
2743,Fadia Nadda,5
3106,Cat Ly,5
3152,Martin Sharpe,5
2329,Lionel Abelanski,5
3136,Michael Eisner,5
814,John Lyons,5
2921,Gavin Newsom,5
3358,Jeff Ament,5
3180,Colette Divine,5
3194,Ahmet Ertegun,5
3421,Terumi Matthews,5
3028,Aida Elkashef,5
1895,Sihung Lung,5
2493,Marco D'Amore,5
2017,Nigel Whitmey,5
2285,SigrÌ_̡ur MarÌ_a EgilsdÌ_ttir,5
3485,Rita Maiden,5
3516,Barry Lynch,5
2686,Lateef Crowder,261
2473,Gil Bellows,261
1764,Joey Fatone,261
851,Vince Vieluf,261
2323,Carly Schroeder,261
131,Karan Brar,517
2371,Samantha Mathis,517
2482,Nancy Allen,517
18,James Nesbitt,773
207,James Coburn,773
3431,Claire Adams,6
621,Judith Hill,6
1346,Ann Talman,6
2352,Martin Lucey,6
2764,Jon Osbeck,6
2911,Jean Pierre Bergeron,6
2327,Mai Charoenpura,6
3361,David Frederick White,6
3367,Melissa Bardin Galsky,6
1164,Jade Kindar-Martin,6
3554,Consuelo GÌ_mez,6
3548,Denden,6
3182,Bonz Malone,6
2545,Andrea Ros,6
2806,Yenny Paola Vega,6
3507,Bruce Kerr,6
950,M̩lissa Theuriau,6
1757,Chester,6
2291,Akon,262
1237,Tom Guiry,262
62,Jess Harnell,262
1640,Christine Lakin,518
732,Hugh Bonneville,518
2409,Nastassja Kinski,518
1892,William Shockley,518
514,Mark Valley,774
1725,Kevin McGowan,7
3075,Leticia Br̩dice,7
3533,Jason Dixie,7
2289,Dal-su Oh,7
1172,Eduard Fern�Ández,7
1245,Daniel Rindress-Kay,7
2388,Mary Catherine Garrison,7
1973,Sarunyu Wongkrachang,7
3415,Jackie Nova,7
3488,Reese Mishler,7
590,Sung-jun Yoo,7
3304,Daniel Travis,7
1515,Aleksandr Bashirov,7
3085,Ronnie Lazaro,7
2692,Anna Katharina Schwabroh,7
434,Rie Miyazawa,7
2949,Carlos Lasarte,7
1064,Elvis Tsui,7
1729,Alan David,7
1742,Miyu Irino,7
3188,Ranin Karim,7
2514,Raquel Alessi,263
3027,Erik Palladino,263
1094,Mason Gamble,263
572,Yvonne Zima,263
719,J.T. Walsh,263
690,Tristan Mack Wilds,519
554,Eric Lloyd,775
1433,Aaliyah,775
2690,Tammy Davis,8
3211,Gabriel Reyes,8
3082,Fred Malatesta,8
2486,Matthias Habich,8
3511,Matt Johnson,8
491,Oanh Nguyen,8
3243,Ann Gillis,8
1998,Shelby Vischer,8
419,Julie-Marie Parmentier,8
2057,Yves Jacques,8
3320,Mickey Hart,8
3540,Brandon Landers,8
3552,Casey Gooden,8
3012,Louis Walsh,8
1491,Alice Pol,8
2097,Anthony Burrell,8
3387,Jane Bradbury,8
924,Derek Jacobi,520
2128,Harmony Korine,520
990,Derek Mears,520
568,Warren Christie,520
36,Eddie Izzard,776
3447,Sophie Rois,9
3509,Erin Cipolletti,9
1703,Victoria Learn,9
2555,Jo Prestia,9
3374,Walter Long,9
2661,Zinedine Soualem,9
2739,JesuÌ_ta Barbosa,9
1795,Honglei Sun,9
2677,Marie F̩ret,9
3155,Gitte Witt,9
2736,Aida Folch,9
1972,Nataliya Vdovina,9
3536,Damon Owlia,9
3197,Anthony Powell,9
3483,Mel Eslyn,9
1720,Ewen Solon,9
660,Ben Falcone,265
3539,Lindsay MacDonald,265
2115,Sofia Black-D'Elia,265
1523,Kathleen Wilhoite,265
197,Ato Essandoh,265
1286,Tom Kane,265
1740,Ludivine Sagnier,521
565,Sydney Pollack,521
1763,Kenan Thompson,521
824,M. Emmet Walsh,521
370,Tom Hulce,521
911,Man Li,10
3491,Wilbur 'Hi-Fi' White,10
3541,Bari Hyman,10
3347,Matty Rich,10
2780,Dami�Án Delgado,10
3497,Johnathan Hurley,10
3346,Pat Ryan,10
2923,Sebastian Blomberg,10
3251,Joe Cassidy,10
2546,Kayla Raparelli,10
3405,Stephanie Berry,10
3450,Richard Glover,10
1561,Julian Fellowes,266
1927,Brenda Strong,266
2497,Elsa Lanchester,266
1455,Johnny Messner,522
53,Jeff Garlin,522
1867,Angell Conwell,522
870,Jacqueline Bisset,522
668,Kevin Corrigan,778
1323,Tyrone Keogh,11
1187,Joe Ochman,11
2425,Genevi̬ve Lemon,11
2876,Othon Bastos,11
2697,Catherine Lambert,11
2475,Giulia Michelini,11
1718,Marie-Anne Chazel,11
3289,Tara Strohmeier,11
2395,Jack Kao,11
1532,Derek Graf,11
3190,Venida Evans,11
3047,Circus-Szalewski,11
2086,Rorke Denver,11
85,Peter Scolari,267
2997,Chuck Zito,267
2840,Dyan Cannon,267
759,Maurice LaMarche,523
1374,Michael Rady,523
166,Sandra Ellis Lafferty,523
567,Gerald McRaney,523
296,Tyler Labine,779
2814,Dayna Devon,12
3549,Eric Ambriz,12
1008,Daniel Brochu,12
3364,Mike Huckabee,12
863,Natalya Bondarchuk,12
91,Atsuko Maeda,12
2684,Purab Kohli,12
3008,Robert Hobbs,12
1075,Ted Markland,12
2990,John Hensley,268
1497,Rhys Coiro,268
3009,Ian McNeice,268
216,Tzi Ma,268
609,Dana Ivey,268
2601,Robert Beltran,268
2712,Thelma Ritter,268
238,Joe Morton,780
3178,Merry Clayton,13
3404,Collin Kahey,13
215,Amy Warren,13
3498,Andrew Keir,13
2456,Richard Graham,13
2893,Casper Christensen,13
3260,Ane Dahl Torp,13
3179,Angel David,13
3110,Tim Choate,13
1899,Kyung-gu Sol,13
2603,Sahajak Boonthanakit,13
2651,Birol �Ïnel,269
3151,Conrad Veidt,269
2535,Iddo Goldberg,269
406,Nicholas Turturro,269
243,Anika Noni Rose,525
2048,Rolando Molina,525
1227,Joey Lauren Adams,781
2638,Jelena Nik,14
2954,Lisa Gaye,14
2822,David Opatoshu,14
3274,Tommy the Clown,14
2655,Jim Siedow,14
2148,Daniel Zettel,14
433,Penny Balfour,14
2629,Darshan Jariwala,14
3384,Sissy Petropoulou,14
3202,James Lorinz,14
2947,Sven Nordin,14
1397,Wolfgang Preiss,14
2199,Jonathan Breck,270
1639,Margaret Cho,270
1682,Melonie Diaz,270
3413,Clint Jung,270
2435,Vanessa Ray,270
274,Bobb'e J. Thompson,526
2041,Ruby Dee,782
1947,Jason Ritter,782
2476,Andr̩ Ramiro,15
2479,Na'Blonka Durden,15
2015,Bonnie Henna,15
3339,Claudette LalÌ_,15
2519,Polly Noonan,15
1890,Tommy Karlsen,15
2636,Kel O'Neill,15
3449,Madeleine Albright,15
3515,Amanda MacDonald,15
3311,Daryn Tufts,15
3454,Ali Daniels,15
125,Mike Bell,15
2398,Jean-Claude Lecas,15
3521,Damian Jewan Lee,15
829,Rab Affleck,15
2734,Rob Jarvis,15
1078,Bruce Goodchild,15
2534,Reiner Schwarz,15
3365,Alex Sanborn,271
2749,Brooke D'Orsay,271
515,Nathaniel Parker,271
683,Caroline Rhea,271
1658,Dana Ivey,271
1378,Alan Oppenheimer,271
3296,Lymari Nadal,271
365,Miguel A. N̼̱ez Jr.,271
1872,Cynthia Stevenson,271
295,Alessandro Nivola,527
1673,Ed Begley Jr.,783
3050,Karen Allen,783
942,Jared Burke,16
584,Simon Chandler,16
2556,Shinobu Terajima,16
928,Chelsea Bond,16
3560,Jon Gunn,16
2693,Zhanna Friske,16
2137,Hiroyuki Ikeuchi,16
1643,Tiffany Lamb,16
3445,Michael Higgenbottom,16
1803,Leonie Benesch,16
1616,Ken Sansom,16
2308,Lunetta Savino,16
2660,Jack McElhone,16
1084,Jim Meskimen,272
2172,Alex Karpovsky,272
338,Nick Searcy,272
1732,Julie Gonzalo,528
1401,Jason George,528
1156,Andrew Garfield,10000
533,Anna Kendrick,10000
56,Gary Oldman,10000
1448,Alexander Skarsg̴rd,10000
902,Joe Komara,10000
2510,Olivia Wilde,10000
9,Rupert Grint,10000
3236,Eve Ensler,17
512,John Buffalo Mailer,17
3528,Christian Anderson,17
2857,Robert Stadlober,17
3314,Denny Kirkwood,17
3315,Curt Doussett,17
2983,Donald Rumsfeld,17
2948,Brad Lee Wind,17
2940,Dominick Brascia,17
1893,Michel Muller,17
1287,Katie Lowes,273
689,Shawn Roberts,529
1365,Charlyne Yi,529
1771,Merritt Wever,529
1233,Heather Matarazzo,529
1099,Lily Cole,785
1058,Oscar Gale,785
2975,Barney Frank,18
3016,Ted de Corsia,18
3518,Jeff Dowd,18
3067,Owen Kline,18
2074,Cara Horgan,18
2944,Shobu Kapoor,18
3471,Darren Healy,18
2138,Ana Imnadze,18
1505,Y�Èsuke Iseya,18
2332,Peter Callan,18
439,Melissa Sturm,18
2111,Herbert Gr̦nemeyer,18
448,Rita Davies,18
1968,Rudolf Klein-Rogge,18
2129,Timothy Webber,18
1950,Michael Michele,274
3130,Eric Lange,274
729,Miranda Richardson,530
5,Polly Walker,530
1241,Debbie Reynolds,786
2597,MarÌ_a Aura,19
2863,David Douglas,19
3354,Nils-Anders Vallg̴rda,19
989,Jonathan Brewer,19
1982,Yasuaki Kurata,19
2537,Martijn Lakemeier,19
2179,Alix Freihage,19
907,Nels Lennarson,19
1959,A.J. Buckley,275
1062,Max Casella,275
2575,Victor Mature,275
941,Anthony Zerbe,275
2942,Lionel Barrymore,275
540,Graham McTavish,531
1134,Bruce Spence,531
2171,Vincent Gallo,787
464,Cole Hauser,787
1056,Atticus Shaffer,787
889,Emilio Estefan Jr.,20
2522,Pamela Salem,20
2657,Emmanuelle Bercot,20
3153,Gauhar Khan,20
366,Rakie Ayola,20
3291,Tac Fitzgerald,20
437,Ben Diskin,20
3527,Jordan Scovel,20
2939,Catherine Parks,20
2261,Adriane Lenox,20
2994,Karl Collins,20
2626,Winter Ave Zoli,276
3386,Lois Smith,276
2159,Peter Berg,532
2879,Mia Barron,21
1280,John Macmillan,21
3383,Walter Connolly,21
755,Tom Dreesen,21
761,Bobby Block,21
2031,Alison Chand,21
1325,Sergey Garmash,21
2610,Marina Hands,21
3357,Amber Armstrong,21
3062,Michel Bouquet,21
3268,Renee Faia,21
2022,Kelly Lin,21
3439,Ross Elliott,21
3282,Jane Goodall,21
3475,Lia Tucker,21
3035,Keenan Wynn,277
776,Peter Gerety,277
1297,Nick Chinlund,277
1991,Chad Bishop,277
2324,Janet McTeer,277
1255,Christa B. Allen,533
247,Jessica Capshaw,533
474,Jason Scott Lee,533
918,Peter Greene,789
1068,Billy Campbell,789
1638,Romi Aboulafia,22
3306,Tiffany Bolling,22
3419,Travis Smith,22
3366,Al Cliver,22
2741,Eugenia Khirivskaya,22
2175,Angus Barnett,22
1265,Luisa Ranieri,22
677,Eddie Peng,22
1107,Sherri Shepherd,278
1363,Eduardo Noriega,278
2007,Isaiah Washington,534
1206,Portia Doubleday,534
2211,Jessica Simpson,534
737,Charles S. Dutton,534
3193,Greg D'Agostino,23
1550,Alexandra Silber,23
1936,Phil Vischer,23
858,Keith Hudson,23
2856,Tim Healy,23
2394,Julie LeBreton,23
3286,Eric Blore,23
3220,Kevin Hamedani,23
2439,Charles Aidman,23
1132,Colin Stinton,23
3523,Shiree Nelson,279
2160,Rod Steiger,279
1999,Maya Angelou,279
1057,Michael Hitchcock,279
263,Max Records,279
1369,Jake McDorman,535
862,Chris Mulkey,535
1408,Mario Van Peebles,535
86,Judd Hirsch,535
2908,Flea,535
1642,Jasper Levine,24
2189,Fran̤ois Damiens,24
1221,Doug Cockle,24
2758,Fernanda Torres,24
2845,Robert Noble,24
2996,Javed Jaffrey,24
1326,Chiara Caselli,24
3128,Enzo Petito,24
3132,Yassine Azzouz,24
2012,Jane Adams,280
1070,Kari Matchett,280
675,Ulrich Thomsen,280
993,Joy Bryant,280
2055,Catalina Sandino Moreno,280
3270,Whitney Able,280
2223,Michael Gross,536
2782,Rosemarie DeWitt,536
3183,Rick Macy,25
3330,Damon Albarn,25
2330,Gary McDonald,25
3393,Christina Chambers,25
2507,Abby Mukiibi Nkaaga,25
1996,Susan Hogan,25
579,Tony Noble,25
3146,Jeanne Neilson,25
1965,Mac McDonald,25
1109,Jordan Lund,25
2828,Harry Carey Jr.,281
327,Kim Delaney,281
1856,Laurence Fox,281
1830,Dan Hedaya,281
3520,Kelen Coleman,281
2091,Oliver Cooper,281
1656,Billy Barty,281
1229,Dillon Casey,281
199,Melanie Griffith,537
334,Rosemarie DeWitt,537
135,Will Patton,537
2652,Joseph Mawle,537
2085,Ally Sheedy,793
2400,Anna Katarina,26
2463,Ivan Okhlobystin,26
3389,Will Oldham,26
3470,Sienna Beckman,26
1410,Jessica Wesson,26
2798,Hana Shuan,26
1173,Bipasha Basu,282
816,Kelly Rowan,282
2495,Ricky Martin,282
171,August Diehl,282
2101,Lusia Strus,282
1103,Bruce Green,538
2649,Ed Quinn,538
2123,JJ Feild,794
2062,Dougray Scott,794
1766,Carl Weathers,794
23,Gloria Stuart,794
1903,Grasie Mercedes,27
2491,Maurice Ro�Çves,27
3059,Yousef 'Joe' Sweid,27
3461,Matthew Gumley,27
2360,Jill Talley,27
2362,David Schneider,27
2431,Kwesi Ameyaw,27
2526,M̩lanie Doutey,27
2562,Julie R. �÷lgaard,27
1755,Ching Wan Lau,27
3463,Mohammad Amir Naji,27
1886,Michel Galabru,27
3237,Alexandru Potocean,27
3476,Christopher Shea,27
2713,Peter Appel,27
78,Bipasha Basu,283
796,Charles Martinet,283
574,Jonah Bobo,539
713,Colm Feore,539
251,S. Epatha Merkerson,539
903,Sasha Roiz,795
828,Ashley Scott,795
1023,Eric Idle,795
2166,Embeth Davidtz,795
2264,Michel Serrault,28
2898,Laird John Hamilton,28
3443,Louise Beavers,28
3089,Cameron Rhodes,28
283,Shigeo Kobayashi,28
2513,Wale Ojo,28
2539,Michel Simon,28
3440,Joanne Samuel,28
1464,Amy Stewart,28
2021,Ulrich MÌ_he,284
2524,Marc Singer,284
145,Bryan Brown,284
7,M.C. Gainey,284
1608,Jason Weaver,284
1029,Oaklee Pendergast,284
1198,David Gallagher,796
2883,Allegra Carpenter,29
2065,Jung-jae Lee,29
2844,Rapulana Seiphemo,29
354,Clemens Schick,29
2464,Cindy Robinson,29
3432,Travis Betz,29
1653,John Gavin,285
765,Shirley Knight,285
1052,Fran̤ois Cluzet,541
788,Cheryl Hines,541
1340,Reginald VelJohnson,541
473,Lena Olin,541
2609,Eva Amurri Martino,797
1743,Terence Yin,30
1548,Gaye Brown,30
114,Helmut Bakaitis,30
1808,Katharina SchÌ_ttler,30
2228,Jack Guzman,30
427,Andrea Di Stefano,30
3171,Niamh Cusack,30
1089,Aleksey Serebryakov,30
1264,Brenda Blethyn,286
258,Bill Fagerbakke,542
2778,Robert Vaughn,542
1551,Michael Winslow,542
2451,Carla Gallo,798
1302,Frank Grillo,798
2678,Danny Dyer,798
3441,Blake Lindsley,31
1679,Jordan Carlos,31
2784,Blaine Anderson,31
2834,Seema Biswas,31
3460,H.M. Wynant,31
3096,Lucille La Verne,31
1508,Igor Zaripov,31
2585,Helen Martin,287
925,Daniel Mays,287
733,Brady Corbet,287
1558,Ray McKinnon,287
997,Jonathan Hyde,287
1267,Derek Luke,543
2995,Salli Richardson-Whitfield,543
682,Ken Marino,543
217,Brad Garrett,799
1907,Lee Majors,799
2566,George Voskovec,32
2151,Christopher Sommers,32
2620,Olivier Rabourdin,32
1809,Shawn Yue,32
2962,Adam Trese,32
2892,Diljit Dosanjh,32
3394,Darren Kendrick,32
3459,Bruce Gooch,32
2755,Warren Oates,288
635,Gemma Chan,288
1458,James Whitmore,288
1702,Caroline Dhavernas,544
231,Olga Fonda,544
42,Hugh Jackman,20000
3342,Felix Avitia,33
2391,Kesun Loder,33
3370,Garry Cooper,33
3420,Pollyanna McIntosh,289
2130,Alicja Bachleda,289
1960,Guillermo Arriaga,289
1239,Gena Rowlands,545
1603,Bridgette Wilson-Sampras,545
1253,Candice Bergen,545
1661,Steve Guttenberg,801
2580,Donald Glover,801
2584,Jamie Draven,34
2266,Romane Bohringer,34
3045,Armin Rohde,34
3052,Dean Andrews,34
721,Peter Polycarpou,34
2518,Alexis Kendra,34
2558,David Dastmalchian,290
1573,Roger Cross,290
2511,Luis E. Carazo,546
1228,Jim Varney,802
2318,Dylan Kussman,35
1575,Amidou,35
1862,Mark Walters,35
2747,Victoria Thaine,35
2334,John Henshaw,35
1082,Christopher James Baker,35
2547,Nicholas Bell,35
2446,Miriama Smith,35
2968,Goya Toledo,35
2924,Tenoch Huerta,35
2385,Gina McKee,291
2225,Niall Horan,547
2837,Ann Morgan Guilbert,547
934,Geoffrey Holder,547
3275,Walter Masterson,36
2554,Jean-Pierre Darroussin,36
2899,B�Árbara Goenaga,36
2907,Dana Hanna,36
3371,Desmond Askew,36
2470,Maria Schrader,36
2273,William Miller,36
280,Bill Melendez,36
3228,Kristian Bruun,36
2415,Razaaq Adoti,36
2404,Garvin Cross,36
938,Mimi Rogers,292
1184,Vincent Perez,292
2370,Keri Lynn Pratt,292
886,Kris Marshall,548
2056,Peter Coyote,548
2220,Vanessa Lengies,804
2791,Glen Murphy,37
3099,John Bailey,37
2980,Raphael Barker,37
2669,Frank McHugh,37
2874,Fabio Testi,37
3262,Whit Spurgeon,37
1263,Nellie McKay,37
3225,Jay Paulson,37
777,Grant Heslov,293
3021,Josh Meyers,293
1364,Steven Berkoff,293
2158,Jennifer Hudson,549
1146,Richard Thomas,549
390,Joan Allen,805
2478,Jessica Mauboy,38
400,William Abadie,38
2445,Alastair Duncan,38
2676,Hye-jeong Kang,38
1185,Tony Kgoroge,38
2559,Mike Eshaq,38
1014,Angela Bettis,294
117,Armin Mueller-Stahl,294
2052,Traylor Howard,294
800,Siobhan Fallon Hogan,294
2247,Fran̤ois Chau,294
2909,Jill Flint,294
1646,Samaire Armstrong,806
2222,Jennifer Tung,39
1043,Greg Collins,39
2351,Vanessa Martinez,39
3287,Michael C. Williams,39
1150,Alex Jennings,39
2882,Kelly Paterniti,39
2453,Val̩rie Lemercier,39
1954,Eric Godon,39
3369,Gordon Currie,39
811,Peter Youngblood Hills,39
1583,DeWayne Warren,39
3161,Maria Canals-Barrera,295
1881,Robin Weigert,295
1619,Denise Boutte,295
3101,Chasty Ballesteros,295
638,Louis Ferreira,295
358,Jake Weber,551
3191,Kathleen Quinlan,551
876,Brad Renfro,551
1731,Ellen Barkin,551
168,Rick Gonzalez,807
966,Regina Hall,807
861,Alissa Dean,807
2795,Alexandre Rodrigues,40
693,Terry O'Neill,40
1304,Mark Camacho,40
3111,Samantha McLeod,40
2173,Lisa Pelikan,40
2913,Tannishtha Chatterjee,40
922,Cliff Edwards,40
1975,Conrad Dunn,40
1988,Ayush Mahesh Khedekar,40
2405,́ngela Molina,40
2982,Bruce Newbold,40
232,Vanessa Matsui,40
2719,Lesley Ann Warren,296
1142,Nicki Aycox,296
954,JoBeth Williams,296
553,Kathleen Quinlan,552
2073,Paul Schneider,552
728,Ellen Barkin,552
1572,Beau Bridges,552
499,Rene Russo,808
3040,Donald Trump,808
32,Kelsey Grammer,808
213,Charlize Theron,9000
248,Emma Watson,9000
2033,Boys II Men,41
2959,Kjell Nilsson,41
2653,Robert Longstreet,41
3418,Dominic ColÌ_n,41
425,John Topor,41
235,Cyril Raffaelli,297
2322,Robert Urich,297
2365,Daisy Betts,297
441,Tim Meadows,553
2272,Lee Norris,553
2164,Elizabeth McGovern,553
361,Danny Woodburn,809
2139,Emma Lung,42
1570,Jeremy Kemp,42
3480,Bob Eubanks,42
3077,Ryan McDonald,42
2945,Stefanie Drummond,42
1499,Ted Wass,42
3154,Jesse Vint,42
2890,Vanessa Zima,42
3534,Casper Martinez,42
2666,KaDee Strickland,298
957,Bruce Campbell,298
1828,Betsy Russell,298
524,Gregg Henry,298
335,Richard E. Grant,554
300,Matthew Modine,810
3310,Mick Foley,43
2794,Edward Conna,43
1196,Jeremy Crutchley,43
2019,Karl Johnson,43
2490,Burghart Klau�Ùner,43
744,David Backus,43
1894,Adrian Pasdar,555
2701,Lochlyn Munro,555
2099,J.B. Smoove,555
1770,Tom Hollander,555
620,Saffron Burrows,811
2664,Vincent Schiavelli,811
1016,Marco Hofschneider,44
1888,Conrad Kemp,44
2608,Mona Marshall,44
1937,Larry Mullen Jr.,44
2187,Hannah Britland,44
3166,Harrison Page,44
2973,John Carradine,300
644,Wade Williams,300
2477,Gabriel Bateman,300
3159,Jonathan Sadowski,300
2766,Khandi Alexander,556
2613,Shirley Jones,556
193,Sela Ward,812
2165,Dylan Baker,812
588,Isabella Rossellini,812
2956,Mews Small,45
1793,Kim Chan,45
1170,Isabelle Carr̩,45
3351,George Brent,45
3061,Bhoomika Chawla,45
3545,Don McKellar,45
2485,Eric Christmas,45
2258,Sharat Saxena,45
3451,Bethany Blakey,45
2038,Gene Simmons,301
528,Brandon Molale,301
3186,Kathryn Erbe,301
1765,Fran Kranz,557
286,Ewen Bremner,557
3465,Tracy Camilla Johns,46
2288,John Light,46
1066,Jiao Xu,46
1967,Amber Marie Bollinger,46
735,Albert Dupontel,46
3508,Loanne Bishop,46
2897,Agata Kulesza,46
2443,Deborah Mailman,46
3013,Kathy Uyen,46
859,Andy Dick,302
3233,Michael McMillian,302
872,D.B. Sweeney,558
3235,Eartha Kitt,558
106,Willow Smith,558
2866,Emily Nelson,47
3011,Jemma Curran,47
2567,Prateik,47
2392,William Shimell,47
1943,Shirley Douglas,47
1633,MarÌ_a Botto,47
1345,Haruma Miura,47
3217,Louise Sorel,47
3341,Terrance Zdunich,303
746,Matt O'Leary,303
2438,Erin Daniels,303
1983,Linus Roache,303
1336,R. Marcos Taylor,303
825,Jessica Collins,303
2797,Piper Laurie,303
2300,Kabir Bedi,303
505,Bob Balaban,559
2348,Brad James,559
1060,Courtney Gains,559
1300,Delphine Chan̩ac,559
890,Tim Matheson,559
494,Conrad Vernon,48
1421,Agnia Ditkovskite,48
3119,Will Wright,48
2891,Hoyt Axton,48
3279,Chenoa Maxwell,48
3267,Dominique Sanda,48
2759,Ellen Ross,48
2830,Athina Rachel Tsangari,48
3147,Eva Bourne,48
2121,Susan Gardner,48
2180,Max Cullen,48
1188,Dato Bakhtadze,48
3350,Michael Stahl-David,304
1520,Lori Singer,304
751,Parker Sawyers,304
2063,Jodie Whittaker,304
29,Daniel Cudmore,560
885,Izabella Miko,560
1247,Wanda Sykes,560
1992,Stephen Baldwin,560
1785,Michael Stuhlbarg,816
2206,Geoffrey Arend,816
2643,Timothy Omundson,816
1175,Beverly D'Angelo,816
1477,Sergio CalderÌ_n,49
3318,Dick Cavett,49
3349,Kate Graham,49
3065,Ken Siu,49
2817,Lisa Ortiz,49
965,Sachiko Ishida,49
3446,Lorraine Toussaint,305
1900,Allen Leech,305
2340,Celina Jade,305
252,RZA,561
357,Michael Palin,561
1197,Susanne Lothar,50
2372,Sarain Boylan,50
1981,Ferdinando Vetere,50
2790,Ralitsa Paskaleva,50
2002,Vernon Dobtcheff,50
1819,Rob Campbell,50
914,Unax Ugalde,50
1502,Craig Hall,50
2775,Guillermo Francella,50
3493,Brandon Middleton,50
2941,Linden Ashby,306
1739,David Moscow,306
1922,Catherine McCormack,306
83,Abraham Benrubi,562
1909,Allison Tolman,562
164,Dan Fogler,562
392,Liam Aiken,818
2480,Danielle von Zerneck,51
3487,Shannen Fields,51
1097,Kwok-Kwan Chan,51
3020,Karin Dor,51
1868,Kamel Krifa,51
3127,Gale Sondergaard,51
1722,Elea Oberon,51
2277,Sean Keenan,51
1628,Dermot Crowley,51
1312,Bj̦rn Hlynur Haraldsson,51
1980,Steven Elder,51
2578,Paul Lukas,51
3407,Anil Kumar,51
2631,Jim Byrnes,51
2359,Patrick Cronin,51
2835,David Heyman,51
2306,Rosalind Harris,51
2224,Carlos Alazraqui,307
1404,Seth Meyers,307
3494,Elissa Dowling,307
2821,Erin Gray,307
326,Catherine McCormack,307
1600,Jay Mohr,563
592,David Keith,563
1942,Mia Farrow,563
1031,Helen McCrory,563
1490,Peter Kwong,52
948,Andr̩ Dussollier,52
2457,Eleanor Bron,52
3033,Patrick Fabian,308
877,Patrick Bergin,308
654,Chi Muoi Lo,308
846,Leland Orser,308
347,Sam Shepard,820
1726,Jacqueline Lovell,53
2218,Eddie Jones,53
2523,Paul Popplewell,53
3345,Jamison Stalsworth,53
1495,Natasha Calis,309
2231,Jon Polito,309
739,Jon Seda,565
853,Bradley Whitford,821
1034,Isabelle Nanty,54
2035,Brooke Bundy,54
2161,Eva Birthistle,54
2262,George DiCenzo,54
953,J. Smith-Cameron,54
1883,Angela Sarafyan,310
55,Tom McCarthy,310
271,Alex Borstein,566
1334,Angel Coulby,566
1180,Sami Gayle,566
785,Georgina Chapman,55
2006,Paolo Seganti,55
299,Lou Romano,55
1320,Kad Merad,55
1559,Darwin Shaw,55
1517,Wai-Keung Lau,55
1849,Carlos Bardem,55
875,Anita Briem,311
1032,James Gammon,311
599,Drew Sidora,311
2252,Dennis Burkley,311
1889,Miranda Otto,567
3246,Nia Vardalos,567
2084,David Margulies,567
201,Christina Cox,567
250,Erick Avari,567
1166,Richard Coyle,567
1238,Mike Colter,567
983,Robert Picardo,823
3492,Larry Blamire,56
305,Al Roker,56
183,Jeffrey Garcia,56
3094,Lydia Hearst,56
2696,S. William Hinzman,56
3079,Malone Thomas,56
1970,Satoshi Tsumabuki,56
2860,Peter Onorati,56
3141,Dustin Diamond,312
304,Miranda Otto,568
1113,Debra Winger,568
8,Scarlett Johansson,19000
1018,Benedict Cumberbatch,19000
1127,Joyce Van Patten,57
1990,John Meillon,57
3086,Boyd Banks,57
2550,G̩rard Jugnot,57
2540,Trieu Tran,57
998,Jeremy Owen,57
624,John Hodgman,57
1545,James Bolam,57
1385,Paul Barber,57
1391,David Harbour,313
1322,Kathy Baker,313
3176,Jake Lacy,313
3400,Ahmed Best,313
2382,Emmanuelle B̩art,569
3336,Mike Colter,569
773,Megan Park,569
658,Rachael Harris,569
34,B.J. Novak,825
1969,Dany Verissimo-Petit,58
1476,Amanda Tilson,58
781,Michael Monks,58
1011,Vanessa Aspillaga,58
2474,Ahmad Massad,58
696,Mihalis Giannatos,58
1842,Ellen Sandweiss,58
1974,Dave Legeno,570
72,Leo Howard,570
2257,Mitch Pileggi,826
477,Scott Glenn,826
1217,Hal Holbrook,826
124,Rip Torn,826
2437,Nia Long,826
1835,Shad Moss,826
1315,Steve Howey,826
910,Laz Alonso,826
2936,Christopher Heyerdahl,826
3531,David Schaal,59
3115,Amy Steel,59
1662,Qiu Yuen,59
2338,Steve Le Marquand,59
2413,Roschdy Zem,59
860,Eric Peterson,59
3313,Jason Kravits,59
1777,Dan Bakkedahl,59
101,Laura Brent,59
2020,Edouard Baer,59
2922,Shriya Saran,315
2895,Irene Dunne,315
277,Frank Dillane,571
2317,Maria Conchita Alonso,571
2190,Glen Powell,571
364,Chris Elliott,571
224,Frances Conroy,827
2203,Angelo Rossitto,60
71,Zakes Mokae,60
1723,Andy On,60
3148,Donny Alamsyah,60
2416,Vic Aviles,60
2119,Dagmara Dominczyk,316
2525,Sammy Nagi Njuguna,316
1879,Brian Keith,316
2614,Jessica Walter,572
1030,Isabelle Adjani,572
1901,Levon Helm,572
1270,Reggie Lee,828
767,Peter Gallagher,828
1039,Eddie Rouse,61
2429,Paulina Gerzon,61
3204,Jonathon Trent,61
3448,Cynthia Geary,61
2544,Johnny Lever,61
3039,Brahmanandam,61
912,James With,61
831,William Atherton,317
3343,Yassie Hawkes,317
1194,Robert John Burke,317
3221,Tim Abell,317
1202,Portia de Rossi,573
2040,Cameron Bright,829
1860,Harley Jane Kozak,62
3410,Matt Day,62
412,Russi Taylor,62
1540,Dell Yount,62
1853,Tim Williams,62
1675,Sam Lerner,62
2681,Dimple Kapadia,62
1606,Melissa Ordway,318
2763,Barbara Billingsley,318
681,Keir O'Donnell,318
1091,Crystal Lowe,318
1116,Al Freeman Jr.,318
1110,Amanda Wyss,574
485,Kevin Pollak,574
842,Tom Sturridge,830
2468,John Ralston,63
1144,Richard Cetrone,63
1276,Megan Franich,63
3137,Chelsey Reist,63
3409,Nicole de Boer,319
2293,Jean-Louis Trintignant,319
866,Crystal Lowe,319
1737,Cabrina Collesides,319
3557,Sam Underwood,319
377,Anthony Reynolds,575
577,Frances O'Connor,575
1010,Stephen Henderson,64
1773,Susan Blommaert,64
2255,Dree Hemingway,64
1102,Reginald Ballard,64
1274,Sanoe Lake,64
1547,Marie Gillain,64
2504,Rachel Blakely,64
1220,Jean Louisa Kelly,320
604,Peter Krause,576
1285,Kevin Dillon,576
1806,Anthony LaPaglia,576
3381,David Lyons,576
943,Maggie Cheung,576
502,Franco Nero,576
172,Logan Lerman,8000
899,Julia Roberts,8000
178,Will Ferrell,8000
3122,Steven Brill,65
2628,Lumi Cavazos,65
1941,Sandra Nelson,65
2986,Neil Armstrong,65
2595,Scott Reeves,65
2737,Nick Damici,65
3385,Todd Bridges,321
2926,David Masterson,577
1193,Stephen Dillane,577
561,Daniel von Bargen,577
270,Anthony LaPaglia,577
1962,Elden Henson,577
84,Joe Lo Truglio,833
3362,Greg Grunberg,833
1979,Keith Allen,66
1844,Conrad Coates,66
3116,Frank Faylen,66
522,Celina Beach,66
905,Keenen Ivory Wayans,322
2242,Patricia Belcher,322
1244,Howard Hesseman,322
2075,Bj̦rk,322
1630,Shaun Sipos,322
775,Mark L. Young,322
1880,Shannon Tweed,322
134,Zach Woods,322
2103,Peter Hermann,322
222,Stephanie March,322
1301,Jordan Prentice,322
2725,Rita Wilson,322
971,Eric Schweig,322
1878,Jenifer Lewis,578
2467,Olesya Rulin,578
249,Ivana Milicevic,834
1402,Brad Leland,67
3049,John Randolph,67
883,Bruce Altman,67
402,Michael Potts,67
2733,Zoe Levin,67
3036,Pedro Armend�Áriz Jr.,67
2904,Nancy Kyes,67
731,John Castle,67
3464,Vauxhall Jermaine,67
2903,Dinesh D'Souza,67
1839,Megyn Price,323
818,Rita Wilson,323
808,John Billingsley,323
2036,Martin Henderson,579
618,Jacinda Barrett,579
909,Kristy Swanson,579
665,Philip Winchester,579
1440,Imelda Staunton,579
738,Madison Pettis,835
2037,Andrew Keegan,835
1038,Patrick Fugit,835
549,Denis Leary,835
2339,Karin Viard,68
3142,George Newton,68
2665,James Robertson Justice,68
3254,Judy Marte,68
667,Vanessa Marshall,68
1873,Tracey Walter,324
2018,Behrouz Vossoughi,324
2724,Richard Lynch,324
2107,Lark Voorhies,324
1500,Kaylee DeFer,324
521,Sandrine Holt,324
1174,Dwight Yoakam,324
3060,Cindy Williams,324
1131,Brian Van Holt,324
1832,Vinessa Shaw,580
534,Gary Farmer,580
1685,Riccardo Scamarcio,580
1753,Roger Willie,836
1813,Kevork Malikyan,69
2711,DJ Pooh,69
3156,Hugh Griffith,69
3261,Kirby Heyborne,69
2434,Bob Costas,69
3103,Angela Jones,69
2704,Sidney James,69
3519,Demetrius Grosse,69
1289,Huell Howser,69
1691,Gigi Rice,69
2732,Arcelia RamÌ_rez,69
3486,Christopher Robin Miller,69
2742,Howard Caine,69
1348,Mimi Kirkland,325
3324,Garrett M. Brown,325
2402,Patti LuPone,325
48,Kevin Dunn,581
2577,Yaphet Kotto,581
821,Rick Hoffman,581
2204,Rae Dawn Chong,581
2106,Bai Ling,581
1259,Anne Meara,837
2604,Finlay Currie,70
1485,Pauline McLynn,70
2126,Serena Grandi,70
2703,Adam Hicks,326
1745,Roger Allam,326
1373,Ray Charles,326
2933,Alexandra Holden,326
37,Taika Waititi,326
1610,Romeo Miller,582
66,Bai Ling,582
429,Larenz Tate,582
51,Julie Walters,838
3277,Jeff Lima,71
1457,Vince Corazza,71
1553,Phil Leeds,71
401,Juan Riedinger,71
1848,Gerard McSorley,71
1240,Yetta Gottesman,71
3092,Martin Hancock,71
2551,Claudia Ferri,71
3030,Prabhudheva,71
967,Nancy O'Dell,71
2527,Cara Seymour,71
1200,H̩ctor Jim̩nez,327
2889,Jimmy Shergill,327
727,Seymour Cassel,327
1017,Stephen Rea,327
443,Jeremy Northam,327
1997,Olivia Colman,583
2500,Erik Estrada,583
1831,Erik Knudsen,583
688,Rob Riggle,839
812,Rain,72
716,Gary Jones,72
2280,Adrienne Pickering,72
2992,Shakti Kapoor,72
2249,Alba Rohrwacher,72
1145,Pip Torrens,72
1054,Prabhas,72
452,Allen Covert,328
2153,Richard T. Jones,328
2976,Jonny Weston,328
771,Amber Stevens West,584
1758,Alanna Ubach,584
1124,Tom Bosley,584
1005,Vincent Pastore,584
3422,Debra Lynn Hull,73
2058,Natalie Lisinska,73
1530,Clive Revill,73
2209,Sal Lopez,73
2184,Glenn Beck,73
3201,Adrienne Frantz,73
2587,Alice Playten,73
3510,Maxine Bahns,73
601,Nicky Naud̩,73
2867,Olivia Alexander,73
1549,Lillete Dubey,73
2658,Camryn Manheim,329
1248,Jean Smart,329
68,Ike Barinholtz,329
778,Chandler Canterbury,329
287,Katherine LaNasa,329
3321,Nick Cave,329
1311,Paul Gross,329
530,Matt Gerald,585
311,Joely Richardson,585
798,Faizon Love,585
507,Chris Klein,841
436,Dylan Schombing,74
2124,Ah-sung Ko,74
2896,Kimberly Beck,74
3266,Pat Healy,74
297,Joan Plowright,330
1186,Tichina Arnold,330
129,David Suchet,586
629,Elaine Stritch,586
1591,Dom DeLuise,842
2726,Elena Satine,842
3496,Arthur O'Connell,75
2769,Beatrice Straight,75
2053,Lena Endre,75
2586,Tom Burlinson,75
756,Rebecca Dayan,75
2960,Ho-Sung Pak,75
2850,Brianna Brown,331
1635,Paula Garc̩s,587
1309,Cheech Marin,843
2679,Josie Ho,76
2932,Rene Rosado,76
2430,Steve Bisley,76
3078,Summer Phoenix,76
3424,Jessica Duffy,76
3238,Jan Cornet,76
3524,Lindsay Felton,76
2804,Vera Miles,332
1621,Robert Pine,332
3359,Terry Jones,332
2502,Jennifer Jones,332
2579,Molly Ephraim,332
107,David Kelly,588
3073,Philip Friedman,588
2842,Jeff Conaway,844
1660,Cheech Marin,844
2050,Bruce Dern,844
132,Julian Glover,844
1379,Charlotte Rampling,844
2824,Bobby Brown,77
2862,Jim Norton,77
662,Jacob Hopkins,77
865,George Cole,77
1275,Danny Rhodes,77
2448,Ashley Gerasimovich,77
45,Steve Bisley,77
1620,Brian d'Arcy James,77
2127,Jake Richardson,77
2588,June Carter Cash,77
2761,John McGiver,77
839,Josie Ho,77
3114,George Sanders,333
173,Tony Curran,845
1359,Sam Riley,845
2772,Anthony Johnson,78
2639,Marta Etura,78
2092,Bill Hickman,78
1367,Shaun Parkes,78
2049,Shid̫ Nakamura,78
999,Julene Renee,78
1634,Francesca Rettondini,78
218,Tim Heidecker,78
2616,Jonathan Silverman,334
538,Rupert Evans,334
2045,Henry Simmons,334
76,Sam Riley,846
2100,Robert Foxworth,79
758,Rob Moran,79
103,Brian Blessed,591
1537,Kerr Smith,591
282,Patricia Velasquez,591
1085,Nicholas Braun,591
74,Garry Shandling,591
1528,Jessica Szohr,847
438,Niketa Calame,847
2858,Brendan Fehr,847
2699,Marcus Lyle Brown,80
1674,Jacky Ido,80
3348,Tim Pigott-Smith,80
2796,Luis Antonio,80
1576,Fabrice Luchini,80
2984,Austin Lyon,80
1111,Judith Godr̬che,80
2576,Catherine Schell,80
1192,Eddie Jemison,336
963,Robin Atkin Downes,336
837,Pruitt Taylor Vince,592
337,Jami Gertz,848
151,Delroy Lindo,848
1463,Griffin Cleveland,81
1700,Karin Konoval,81
964,Marcella Lentz-Pope,81
2350,Christopher B. Duncan,81
1916,Margot Kidder,593
762,Jon Stewart,593
1827,Eddie Cibrian,849
663,Timothy West,82
59,Shane Rangi,82
3070,Leo G. Carroll,82
2426,Angus Sampson,82
3066,Justin Pierce,82
2297,Antonio de la Torre,82
2517,Todd Susman,82
2569,Sumalee Montano,82
608,Jimmy Shubert,82
2023,John Gallagher Jr.,338
2951,Carmen Argenziano,338
838,Willie Nelson,338
1594,Steve Harris,338
2316,Gbenga Akinnagbe,338
1919,Andr̩ the Giant,594
724,Sally Hawkins,594
187,Alexa Davalos,850
2060,Kate Walsh,850
1811,Joseph Pilato,83
2573,Hugo Stiglitz,83
1310,Lynda Boyd,83
2756,Betty Hutton,83
3372,Gabriel Hogan,83
2621,Bess Armstrong,83
1657,Leo McKern,83
1569,Aries Spears,83
1820,Eric Sykes,83
1211,Holmes Osborne,83
1338,John Sessions,83
2472,Mark De Alessandro,83
2268,Larry Fessenden,83
2654,Katherine Helmond,339
1567,Trevor Morgan,595
936,Roddy McDowall,595
67,Russell Wong,595
492,Peter Boyle,595
266,Udo Kier,595
1612,Jada Pinkett Smith,851
2508,Rick Dial,84
881,Steve Whitmire,84
1995,Jason Hawes,84
22,Evan Parke,84
3550,John Lucas,84
325,Velibor Topic,84
2142,Ginger Jensen,84
1053,Tim Blake Nelson,596
382,Oprah Winfrey,852
1484,Katharine McPhee,852
2110,John Colicos,85
2357,James Huang,85
2600,Clayton Rohner,85
3003,Michelle Hurst,85
1597,Joseph Mascolo,85
1678,Nimrat Kaur,85
1751,Tracy Letts,85
1783,Timoth̩e Chalamet,85
195,Tabu,341
1774,Nicollette Sheridan,341
261,Annie Parisse,341
2963,T.C. Stallings,341
763,Bonnie Hunt,597
1864,Lew Temple,597
1598,Ali Hillis,597
1555,Debra Monk,86
1841,John Ireland,86
3253,Dorothy Lyman,86
3543,Nick Principe,86
2373,Diego Velazquez,86
1697,Jackie Burroughs,86
1282,Robin Shou,342
1826,P.J. Soles,598
527,Jim Belushi,854
879,Tom Berenger,854
664,Mike Starr,854
1045,Jasmine Trinca,87
671,Ariel Gade,87
409,Michael Brandon,87
3396,Thom Mathews,87
360,Max Wright,87
1361,Fenella Woolgar,87
203,Nicholas Elia,87
1516,Jack Hawkins,87
3391,Ivan Dixon,87
1296,Aisha Hinds,343
1394,Jeanne Moreau,343
386,Paul Michael Glaser,343
757,Victoria Smurfit,343
2076,Gretchen Mol,599
336,Michael O'Neill,599
1,Wes Studi,855
3168,Forrest Tucker,88
1541,Oliver Stark,88
2622,Liz Mullane,88
3242,Ariana Neal,88
2406,Todd Louiso,88
1249,Maria Thayer,344
1148,Michael Beach,344
1392,Penelope Ann Miller,344
856,Gretchen Mol,600
834,Grant Bowler,600
2625,Marilyn Manson,600
69,Steve Carell,7000
1331,Jennifer Hall,89
1834,Diana Maria Riva,89
3429,Sedona James,89
3055,Victor McLaglen,89
2999,Charly Bivona,89
2269,Laura Harris,345
602,Tch̩ky Karyo,345
869,Olympia Dukakis,345
3048,Kate del Castillo,345
2202,Dabney Coleman,345
2645,Nicholas Gonzalez,601
236,Billy Boyd,857
2356,Phil LaMarr,857
1966,Mike Muscat,90
2529,Ritchie Montgomery,90
1226,Jayne Eastwood,90
184,Aaron Stanford,346
2354,Robert Taylor,346
126,Aasif Mandvi,346
1617,Aryana Engineer,602
368,Adrienne Barbeau,602
190,Stacy Keach,602
301,Linda Fiorentino,602
148,Darlene Love,91
988,Jonathan Morgan Heit,91
3044,Nicholas Carella,91
2067,Gary Schwartz,91
1313,Ned Bellamy,91
1588,Bob Clendenin,347
1680,Nick Gomez,347
1478,Illeana Douglas,347
410,Fran Drescher,859
2499,Matthew Borlenghi,92
3356,Amy Hargreaves,92
3373,Erland Josephson,92
2424,Lee Ving,92
1512,Gilles Lellouche,92
1522,Jennifer Schwalbach Smith,92
1494,Daniel Lapaine,92
2966,Daniel Tay,92
699,Michael Bowen,348
1260,Priscilla Presley,348
1821,Jenette Goldstein,604
82,Thomas Robinson,604
2181,Preity Zinta,860
2030,Tamar Novas,93
2552,Franky G,93
2689,Matias Varela,93
3379,Larry Poindexter,93
3355,Alan Pietruszewski,93
2418,Jennifer Ulrich,93
3442,Aldo Sambrell,93
2337,David Gulpilil,93
1614,Charles Mesure,349
2978,Sydelle Noel,349
685,Richard Crenna,349
2792,Dick Van Patten,605
2861,Rosanna Arquette,605
1593,Ronny Cox,605
1604,Brittany Daniel,861
3135,Spring Byington,94
2751,Paul Scofield,94
1794,Albert Salmi,94
3004,Kaiwi Lyman-Mersereau,94
556,Stuart Wilson,94
3208,Jennifer Sky,94
1380,Joyce Randolph,94
1645,Brett Cullen,350
328,Will.i.am,350
221,Mini Anden,350
1775,Janet Leigh,606
2309,Jarrod Bunch,862
1129,Ed Stoppard,95
3265,Jeanette Branch,95
3134,Jim Cody Williams,95
718,Kate Luyben,95
1870,Tsianina Joelson,95
2694,Tony Ganios,95
2286,Shabana Azmi,95
279,Igal Naor,95
1291,Graham Beckel,95
1028,Lauren Lee Smith,351
1905,Lamman Rucker,607
952,Anthony Chau-Sang Wong,96
2422,Brahim Achabbakhe,96
1847,Jake Wood,96
730,Paterson Joseph,352
2935,Luke Perry,608
637,Julian Kostov,864
536,Aida Turturro,97
3184,Jaya Bhaduri,97
1354,Antoni Corone,97
1307,Munro Chambers,353
1810,Mark Moses,353
1944,Daniel Wu,353
2515,Lawrence Gilliard Jr.,353
2843,Courtney Love,353
1021,Lillo Brancato,353
913,Omar Epps,865
2335,�ämilie Dequenne,98
2440,Peter Breitmayer,98
1471,Don McManus,98
3107,Georgina Reilly,98
3453,Elise Muller,98
550,Reece Thompson,354
1496,Cathryn de Prume,354
712,Haley Ramm,354
3069,Sam Medina,354
1020,David Proval,354
1627,Anneliese van der Pol,354
1683,Sarah Solemani,99
1538,Catherine Dent,99
2606,Adolphe Menjou,99
552,Gloria Foster,99
3403,Ron Rogg̩,99
469,Randall Duk Kim,99
2118,Greg Mottola,99
2070,Jude Ciccolella,99
2532,Robert Wahlberg,99
2635,Olivia DeJonge,99
1696,Marko Zaror,99
2068,Rob Morrow,355
1207,Russell Peters,355
1382,Vanesa Tomasino,355
1961,Larry Miller,611
1524,David Arquette,611
594,Ice-T,867
3160,Clare Higgins,100
1923,Ser'Darius Blain,100
1262,Peter Sallis,100
2632,Laraine Day,100
2688,Amanda Redman,100
1564,Grigoriy Dobrygin,100
1454,Steve Pemberton,100
3482,Constance Wu,100
1055,Michelle Nolden,100
3104,Burt Ward,356
1747,Dominique McElligott,356
3019,Paul Williams,356
1779,Frank Vincent,356
330,Gaby Hoffmann,612
1952,Marla Sokoloff,612
431,Lotte Verbeek,612
3469,Melvin Van Peebles,101
1626,Filippo Timi,101
2599,Ellie Cornell,101
1714,Rosalind Ayres,101
1787,John McMartin,101
1273,Facundo Lombard,357
2177,Scott Patterson,357
2865,Chris Kattan,357
2887,Billie Burke,357
616,Jaqueline Fleming,357
1037,Jonathan Jackson,613
1887,Ivan Sergei,613
1824,James D'Arcy,613
2229,Carmen Electra,869
3167,Debra Paget,102
2279,Danny Sapani,102
2624,Angela Featherstone,102
2367,Justin Hall,102
1786,Michael Horse,102
676,Tania Saulnier,102
3244,Adam Carolla,102
413,Josh Stamberg,102
1748,Stephen Boyd,102
2016,Candace Kroslak,102
2885,George Raft,102
158,Rafe Spall,358
2492,Beverly Randolph,358
2122,Samantha Ivers,103
2961,Jeannetta Arnette,103
58,Casper Crump,103
3010,Ashleigh Gryzko,103
3293,Exie Booker,359
545,Nancy Travis,359
2746,Kira McLean,359
1861,Jack Warden,359
369,Katt Williams,615
418,Mackenzie Crook,871
2748,Black Thomas,104
916,Togo Igawa,104
2174,Samantha Eggar,104
2848,Molly Dunsworth,104
465,Christian Berkel,104
3392,Natasha Gregson Wagner,104
3425,Charles Irving Beale,104
1836,Malika,104
1442,Kevin Breznahan,104
1472,Jacob Pitts,360
1956,Bobby Coleman,360
2363,Steve Harvey,360
2506,David Alan Grier,360
1234,Reg E. Cathey,360
1024,John Doman,616
3080,Evan Ross,616
1917,Martha MacIsaac,616
1445,Max Ryan,872
1488,Rebecca De Mornay,872
1387,Kristen Stewart,17000
1539,Matt Letscher,105
1161,Ray Nicholas,105
3544,Edith Massey,105
52,Lydia Wilson,105
555,Andrea Savage,105
1560,Shane Brolly,105
679,Stefan Kapicic,361
2627,Kristoffer Polaha,361
212,Noah Emmerich,617
2208,Aaron Yoo,617
1595,Kurt Fuller,617
3216,Alicia Ziegler,106
2691,Paresh Rawal,106
1921,Kali Rocha,106
2454,Erin Wasson,106
363,Rekha Sharma,106
2953,Shaun O'Hagan,106
2417,Danielle Darrieux,106
2757,Alex Macqueen,106
1258,Raphael Sbarge,362
1443,Nancy Cartwright,362
182,JÌ_rgen Prochnow,362
1277,Method Man,362
2917,Michael Bower,362
1784,Kevin G. Schmidt,362
253,Tom Arnold,618
1222,Nadine Velazquez,874
780,Sissy Spacek,874
1651,Tom Bower,107
1235,Jason Cope,107
901,Robert Clohessy,107
1615,Marc Macaulay,107
633,Ritchie Coster,107
256,Derek Jeter,107
1865,Finn Ireland,107
1317,Nicholas Tse,107
2361,Casey Siemaszko,107
1877,Brad William Henke,363
1333,Hannah Spearritt,363
1957,Terry Kinney,363
1133,Kaitlyn Dever,363
1470,�Òscar Jaenada,619
1933,Angelo Anthony Pizza,619
350,Lisa Bonet,619
2207,Keshia Knight Pulliam,619
2275,Ted Danson,875
1072,Matthew Glave,108
3091,Kyla Wise,108
2776,Derek Magyar,108
1434,Billie Whitelaw,108
2001,Allen Payne,364
867,Julia Jones,364
3250,Peyman Moaadi,620
440,Emily Watson,876
1339,Enrique Iglesias,876
3108,Kristen Cloke,109
1611,Tony Lo Bianco,109
2928,Kris Sommerville,109
2169,Scott Handy,109
3172,Rhea Perlman,365
945,Anders Holm,365
2152,Tamsin Egerton,621
169,Jordi Moll�Ê,877
1652,Maximilian Schell,877
383,Garrick Hagon,110
1565,Kyle Gass,110
2301,Luke Ford,110
3223,Chrystee Pharris,110
1738,Kelli Barrett,110
686,Matt Bushell,110
1563,Matthew Daddario,110
2815,Jack Carson,110
2081,Murray Hamilton,366
423,Amy Brenneman,366
399,Michael Jordan,366
1940,Kevin Gage,366
692,Will Forte,622
766,Monica Potter,878
2219,Ronald Pickup,111
2282,Chase Armitage,111
1480,Jacob Young,111
2162,Hardy KrÌ_ger,111
229,Madison McKinley,111
1782,Ethan Stiefel,111
2773,Michael McGlone,111
2000,Gino Salvano,111
2598,Miriam Colon,111
2750,Diana Vickers,111
1447,Gregory Alan Williams,367
2770,Shelley Winters,367
546,Owen Teale,112
2383,Vernee Watson,112
2369,Tracy Middendorf,112
2396,Darren Boyd,112
1337,Christine Cavanaugh,368
797,Alice Krige,368
2489,Temuera Morrison,368
2195,Mike Dopud,368
1100,Kim Dickens,624
353,Jane Krakowski,624
2765,Tony Cox,624
90,Mackenzie Foy,6000
581,Eva Green,6000
50,Peter Sohn,113
1412,Hristo Shopov,113
3522,Ion Overman,113
2066,Annie Golden,113
2574,Alisha Boe,113
2014,Tovah Feldshuh,113
3326,Ricky Catter,113
3232,Claire Bloom,113
560,Janine Turner,369
562,Armando Riesco,625
1768,Neil Flynn,625
2004,Lupe Ontiveros,625
600,Emily Ratajkowski,625
1353,TÌ_mas Lemarquis,114
2563,Bronagh Gallagher,114
915,C̩line Sallette,114
3034,Kim Hunter,114
3064,Samuel Davis,114
1460,Kylie Bunbury,370
96,Robert Capron,370
2925,Paul T. Taylor,370
628,Jake Lloyd,626
156,William Hurt,882
3474,Kate Ashfield,115
1169,Rie Rasmussen,115
1349,Larry Bagby,115
3230,Jarrod Phillips,115
2088,Ashley Hinshaw,371
1791,Kellie Martin,371
25,Tadanobu Asano,627
615,Amber Valletta,627
1427,Barry Corbin,883
1913,William Petersen,883
163,Albert Finney,883
225,Olly Alexander,116
2064,Branko Djuric,116
2702,David Wayne,116
2977,Richard Portnow,116
790,Chad Lowe,372
244,Benedict Wong,372
414,David Paymer,372
1876,Jason Robards,372
3014,Ricardo Chavira,372
871,Harvey Korman,628
1414,Beth Grant,628
1126,Logan Browning,628
219,Archie Panjabi,884
77,Kodi Smit-McPhee,884
306,Kelly Keaton,117
3068,Brian Stepanek,117
3138,Brittney Powell,117
3502,Tim DeZarn,117
2366,Josh Pais,117
1330,Mark Williams,373
1945,Shelley Duvall,629
2270,Jeffrey Combs,885
2771,Clive Swift,118
3271,Michele Morrow,118
3331,Stafford Douglas,118
3377,Liane Balaban,118
2310,Dinah Manoff,118
345,Fred Tatasciore,118
3051,Daniel Franzese,374
1650,Emily Meade,374
2969,Kip Pardue,374
1139,Carmen Ejogo,374
1746,Alice Greczyn,630
855,Fred Gwynne,886
324,Sanaa Lathan,886
472,Nathan Lane,886
3023,Steve Earle,119
2188,Riteish Deshmukh,119
2786,Genevieve O'Reilly,119
977,David Thornton,119
2452,Jack O'Halloran,375
404,Josh Robert Thompson,375
2872,John Robinson,375
1335,Scott Weinger,631
891,Alice Greczyn,631
1706,Samantha Morton,631
1086,Harry Connick Jr.,631
1429,Shirley Henderson,887
1577,Dendrie Taylor,120
1162,Maurice Compte,120
2501,Ajay Naidu,120
1117,Mackenzie Aladjem,120
3338,Christopher Denham,120
1308,Terence Maynard,120
264,Troy Evans,120
3046,Erin Pitt,120
1498,Richard Gant,120
1694,Scott Wolf,376
2105,Meg Crosbie,376
1475,Bebe Neuwirth,376
2399,Kacey Clarke,376
2149,Corbin Bleu,632
1885,Tuppence Middleton,888
2762,Lesley Sharp,121
3489,Charlotte Stewart,121
1985,Arben Bajraktaraj,121
3084,Darren E. Burrows,121
1069,Eduardo Ver�Ástegui,377
1938,Adam Copeland,377
976,Marisol Nichols,633
2150,Lane Smith,633
2320,Mircea Monroe,633
1695,Gary Coleman,633
1727,Robert Forster,889
740,Bridget Fonda,889
2673,JoaquÌ_n Cosio,122
2089,Steven Hill,122
2343,Alan Bates,122
2024,Diora Baird,378
2244,Christopher Guest,378
2799,Scott Schwartz,378
754,Mircea Monroe,634
2197,Ted Raimi,634
2403,Vivica A. Fox,890
332,Lex Shrapnel,123
2307,Parker Bagley,123
2163,Pauline Collins,123
2298,Don Francks,123
1935,Homayoun Ershadi,123
2046,Corey Johnson,123
1044,Kelly Ripa,379
647,Michael Weston,379
2581,Jorja Fox,379
1295,Paul Sorvino,635
314,Moises Arias,635
2010,Osric Chau,635
3199,Raquel Elizabeth Ames,891
1986,Bart Shatto,124
2838,Julie Dawn Cole,124
3181,Ella Joyce,124
1780,Freddie Jones,124
2906,Whit Bissell,124
617,Jessalyn Gilsig,380
2541,Johnny Nguyen,380
841,David Patrick Kelly,380
2964,Claudette Colbert,380
2377,Carol Kane,636
192,Molly Shannon,636
1623,Alex Winter,636
2227,Paul Sorvino,636
1135,Kevin Peter Hall,636
1225,Brian McNamara,125
2825,Edward Andrews,125
2919,George W. Bush,125
1978,Edward Fox,125
1891,Charles Aznavour,125
1928,Jason Spevack,125
2503,Tom Atkins,381
1647,Toby Hemingway,637
1584,Kimberly Elise,637
476,Megan Mullally,637
2156,Eric Mabius,637
575,Eugenie Bondurant,637
919,Minnie Driver,893
2667,Peter Spellos,126
2988,Zack Pearlman,126
2281,Adrian Holmes,126
2647,Lisa Kay,126
2870,Salvatore Santone,382
1531,Geraldine Chaplin,382
1384,Chris Bauer,638
511,Mary Elizabeth Mastrantonio,638
985,Frances Fisher,638
175,Glenn Morshower,894
1163,Benno FÌ_rmann,127
2314,Patrick Cranshaw,127
2710,Libby Villari,127
3063,Nicky Katt,127
1423,Sara Stewart,127
961,Dan Bilzerian,127
3241,Sina Amedson,127
576,Brian Geraghty,383
1686,James Russo,383
257,Roma Maffia,383
2634,Corey Sevier,383
701,Matthew Gray Gubler,639
3506,James DeBello,128
3165,Brian Johnson,128
518,Garcelle Beauvais,384
73,Phyllis Smith,384
1613,Tony Jay,384
1278,Richard Dawson,384
714,Chiaki Kuriyama,640
1101,Daryl Sabara,640
648,Denis O'Hare,896
1752,Ryan Reynolds,16000
121,Christopher Lee,16000
396,Charlie Hunnam,16000
1931,Drew Powell,129
1176,Jacob Latimore,129
340,Oksana Akinshina,129
1815,Luis Rosado,129
3406,Chris Weitz,129
416,Rosalind Chao,129
2299,Luisa D'Oliveira,129
2800,Timothy Van Patten,129
2274,Ryan O'Neal,385
1356,Ron Eldard,385
254,Michael Rispoli,385
2937,Mindy Sterling,385
1049,John Mahoney,385
122,Sean Harris,641
1728,Jodi Lyn O'Keefe,897
835,Edgar RamÌ_rez,897
1209,Ed Lauter,897
2315,Danny Webb,130
2205,Stephanie Lemelin,130
2533,John Bell,130
2512,Dominik GarcÌ_a-Lorido,130
3526,Ronee Collins,130
482,Maude Apatow,130
1303,Robert Costanzo,130
2381,Phil Davis,386
1958,Conleth Hill,386
3072,Jan-Michael Vincent,642
639,Tracy Morgan,642
1294,Dave Annable,642
642,Treat Williams,642
1984,Kevin Nash,642
2102,Viva Bianca,898
2808,Henry Rollins,898
2494,Sid Caesar,898
1566,Jason Mewes,898
969,Nicole Beharie,898
376,Vanessa Redgrave,898
2096,Valeria Golino,898
2267,Lubna Azabal,131
3215,James Eckhouse,131
3457,David Lee Smith,131
2783,Lara Jean Chorostecki,131
3437,Matt Keeslar,131
220,Joe Don Baker,387
1388,John Neville,387
1424,Liza Lapira,387
2846,Michael Parks,387
3098,Honor Blackman,387
1096,Omid Abtahi,387
1105,Walter Koenig,643
921,Anne Heche,643
1431,Bob Newhart,643
1358,Kathleen Turner,899
3117,Sam McMurray,132
895,William Lucking,132
2183,Francesc Pag̬s,132
1507,Julie Adams,132
786,Nicola Walker,132
2698,Cornel Wilde,132
176,Della Reese,388
2553,Danny Aiello,388
2590,David Kross,388
2043,Charlotte Sullivan,388
1692,Ben Vereen,388
1087,Anne Heche,644
1299,Natasha Henstridge,900
3071,Sarah Polley,900
2706,George 'Buck' Flower,133
3514,Corlandos Scott,133
1090,Barbara Carrera,133
1305,Sandra Vergara,133
3556,Daniella Pineda,133
2346,Molly Hagan,133
980,Sam Jaeger,389
3170,Magda Apanowicz,389
1863,Rachel Brosnahan,389
179,Verne Troyer,645
2192,Judge Reinhold,901
3087,Michael Elian,134
3112,Matt Crabtree,134
1158,Matt Price,134
379,Andrew Bryniarski,390
2026,Collette Wolfe,390
2901,Cyd Charisse,390
1120,Anne Heche,646
1352,Eric Stoltz,902
1716,Frank Langella,902
1316,Lucy Boynton,135
2072,Ronald Colman,135
2832,James Le Gros,135
722,Michael Lonsdale,135
541,Michael Gaston,135
1019,William Ragsdale,135
930,Valerie Tian,135
2090,Dave Allen,135
322,Larry King,135
2401,Craig Sheffer,391
2675,Debbie Harry,391
2157,George Newbern,647
11,Frank Langella,903
959,Amr Waked,903
3288,Joan Baez,136
2379,Samuel West,136
1155,Lysette Anthony,136
2611,Nicol Williamson,136
1399,Keegan Connor Tracy,392
2615,Jack Elam,392
1283,Randall Park,392
2873,Brett Wagner,648
1395,Julian Richings,648
99,Ruth Negga,648
420,Bart the Bear,904
450,Bokeem Woodbine,904
375,Jet Li,5000
343,Orlando Bloom,5000
501,Bob Hoskins,5000
3120,Barry Fitzgerald,137
2993,Kate Magowan,137
1562,Charles Keating,137
1381,Tim Rose,137
3022,Phil Silvers,137
3280,Danielle Savre,137
281,Campbell Scott,393
12,Rory Kinnear,393
849,Mykelti Williamson,393
1924,Eva Marie Saint,649
1659,John de Lancie,905
466,Sarah Steele,138
3537,Travis Legge,138
3360,Alicia Sixtos,138
707,Cathy Moriarty,394
3206,Ian Bohen,394
2880,Tempestt Bledsoe,394
130,Nonso Anozie,394
475,Lou Taylor Pucci,394
454,Izabella Scorupco,394
2644,David Adam Flannery,394
1293,Traci Lords,650
2950,Cheyenne Haynes,650
933,Debra Messing,650
698,Tate Donovan,650
652,Jonathan Frakes,906
2201,Jack Wild,139
2560,Ron Silver,139
939,David Eigenberg,395
2998,Tiya Sircar,395
2760,Mike Farrell,395
2619,Simon Baker,395
3006,Marlene Forte,395
770,Thomas Lennon,651
2568,Shawnee Smith,651
888,Ian Richardson,140
2662,Kim Ly,140
2047,Jason Gray-Stanford,140
44,Ralph Brown,140
2321,Hunter Tylo,140
3214,Amy Sedaris,396
1908,John Savage,652
657,Carrie Preston,652
2312,Roberta Valderrama,908
1466,Tim McInnerny,141
2640,Georgia Groome,141
303,Harris Yulin,141
3105,Trine Dyrholm,141
211,Vanessa Hessler,141
1925,Mitchell Ryan,141
1177,Melissa McMeekin,141
1487,Peter Firth,141
170,Amy Sedaris,397
2442,Anupam Kher,397
146,Richard Roxburgh,653
3157,Heather Sossaman,142
2881,Oana Pellea,142
3433,Sheldon Bailey,142
1840,Caroll Spinney,142
1213,Nora Dunn,142
3303,Edgar Buchanan,142
2594,Persis Khambatta,142
1136,Joseph Cross,398
1051,Kang-ho Song,398
823,Aaron Hill,398
1383,William Mapother,398
974,Susan Ward,398
2005,Poppy Montgomery,654
2117,Sherman Hemsley,654
2985,Debrah Farentino,143
2714,Fernando Cayo,143
3322,Joe McQueen,143
1489,Jacob Vargas,399
1843,Rachel Dratch,399
2496,Kenneth Mars,399
3000,Paul Adelstein,399
551,Bruce McGill,655
2234,Wendi McLendon-Covey,655
2251,Jennifer Esposito,911
543,Benjamin Walker,911
791,Reuben Langdon,144
1536,O.J. Simpson,144
1292,Aunjanue Ellis,400
1437,Larry the Cable Guy,400
516,Victor Wong,400
2253,Agnes Bruckner,400
2709,Ashley Bell,400
1709,Brent Anderson,400
1332,Penelope Wilton,400
548,Loretta Devine,912
3285,Virginia Madsen,912
2707,Gordon Jackson,145
3187,Olivia Crocicchia,145
605,Eden Riegel,145
1074,David Clennon,145
2246,Dave Foley,401
1797,Richard Briers,401
815,Agnes Bruckner,401
2583,Brian O'Halloran,657
398,Virginia Madsen,913
3093,John DeSantis,146
2271,Kerry Cahill,146
2132,Andy Davoli,146
2481,Sandy Dennis,146
3434,Matt King,146
196,Peter Fonda,402
1033,Patricia Heaton,402
632,Adhir Kalyan,402
3224,Randy Jay Burrell,402
769,Conchata Ferrell,658
2441,Darryl Stephens,658
2407,Stanislav Ianevski,658
417,Michael McKean,658
2410,Alan Van Sprang,147
2061,Thomas Ian Griffith,147
3144,Susan Tyrrell,147
563,Marian Seldes,403
2131,James Shigeta,403
717,Brion James,403
486,James Robinson,403
3240,Edie Falco,659
395,Cameron Boyce,915
1769,Mario Monicelli,148
3139,Calvin Lockhart,148
2083,Charlotte Lewis,148
1486,Patrick St. Esprit,148
2716,Philippe Noiret,148
346,Hettienne Park,148
1689,Brendan Sexton III,148
896,Gary Stretch,404
782,Jake Busey,660
783,Scoot McNairy,660
290,Drake,916
1586,Leslie Hope,149
1914,Simon McBurney,149
3368,Michelle Krusiec,149
1698,Lesley Manville,149
3218,Janet Hubert,149
2564,Gordon Pinsent,149
607,Miriam Margolyes,405
1362,Augustus Prew,405
2176,Geoff Bell,405
833,Brooke Smith,405
1802,Dallas Roberts,405
3484,Paul McGillion,405
1088,Tamala Jones,405
1444,Kyle Schmid,917
1157,Christopher Rich,150
3301,Erin Bethea,150
2572,Jennifer Rubin,150
1571,Radivoje Bukvic,150
2740,Marie-Jos̩e Croze,150
3205,Meredith Hagner,150
2059,Paul Mazursky,150
520,Tate Taylor,150
1778,Grace Jones,406
1581,Trey Parker,406
1422,Zack Ward,662
1932,Katharine Isabelle,918
1168,Julia Ormond,918
310,Brandon T. Jackson,918
1482,Tara Fitzgerald,151
1411,Donald Sumpter,151
1807,Lars Ulrich,151
1715,Jimmy Jean-Louis,407
523,Rory Cochrane,407
1511,Shawn Hatosy,407
1152,Austin Nichols,663
2930,Bianca Brigitte VanDamme,663
1393,Rosie Perez,919
317,Thomas Kretschmann,919
569,William Smith,919
47,Larry Joe Campbell,919
93,Julia Ormond,919
1504,Jeff Kober,919
3259,Cherami Leigh,152
3551,James Noble,152
2831,Kim Darby,152
3426,Tim Bagley,152
2520,Frederick Weller,152
3337,Tom Stedham,152
597,Haley Bennett,664
1370,Nichelle Nichols,664
2336,Jonathan Tucker,664
927,Elizabeth Perkins,664
2245,Jillian Estell,664
2087,Josh Henderson,920
1814,Craig Roberts,920
460,Jud Tylor,15000
3503,Robert McKee,153
1668,Zak Orth,153
2605,Wood Harris,409
191,John Glover,409
710,Ricky Schroder,665
186,Paul Anderson,154
1328,Tyler Hilton,154
2460,Paul Sanchez,410
1800,Fisher Stevens,922
1405,Jack Thompson,155
2818,Vincent Guastaferro,155
1730,Martina Gedeck,155
2147,Jason Mantzoukas,411
1114,Masi Oka,923
968,Vanessa Ferlito,923
3452,John Reardon,156
463,Mathieu Amalric,412
3025,James Chalke,412
940,Slash,412
2813,James Ransone,412
586,Dee Bradley Baker,668
920,Martin Kove,668
444,Jonathan Winters,924
1733,Roger Jackson,157
204,Teyonah Parris,157
2807,Mary Page Keller,157
2589,Diana Scarwid,157
1707,Virginie Ledoyen,413
1279,Tisha Campbell-Martin,413
1734,Joe Turkel,413
147,Stephen McHattie,413
1963,Laura Harring,669
380,Catherine O'Hara,925
809,Sven-Ole Thorsen,158
1896,Ara Celi,158
2414,Natalie Mendoza,158
2816,Victor Buono,158
3083,Timothy Patrick Quill,158
792,Kayvan Novak,414
1223,F. Murray Abraham,670
1946,Elaine Hendrix,670
1676,David Carradine,926
1934,Genevi̬ve Bujold,159
1579,Alessandra Mastronardi,159
2957,Jake Weary,159
177,Ralph Ineson,159
1212,Roberts Blossom,159
2433,Craig Conway,159
397,Sam Lloyd,159
801,Scott Lawrence,159
356,Nikki Griffin,159
2283,Michael McElhatton,415
1805,Nick Cassavetes,415
480,Keegan-Michael Key,415
504,Lyndie Greenwood,160
1625,Yvette Mimieux,160
371,Brian Steele,160
559,William Devane,416
291,Bernard Hill,416
2852,Andrew Rannells,416
1513,Gil Birmingham,416
589,Raymond Cruz,672
43,Noel Clarke,928
64,Jon Favreau,4000
92,Jordana Brewster,4000
456,Salma Hayek,4000
206,Hayden Christensen,4000
6,Kirsten Dunst,4000
2958,William Windom,161
2722,Rob Brydon,161
2505,John Lynch,161
3121,Felicia Pearson,161
1521,Harry Shearer,161
3,Stephanie Sigman,161
139,Khamani Griffin,161
1804,James Cullen Bressack,161
1708,Caitlyn Jenner,161
3007,Silvia Colloca,161
1664,Khalid Abdalla,161
2592,Perdita Weeks,161
1846,Clyde Kusatsu,161
768,Zach Mills,417
2378,Mark Feuerstein,417
2353,Aditya Roy Kapoor,417
1631,Ray Walston,417
2341,Jason Patric,673
566,David Zayas,929
208,Rila Fukushima,929
1461,Linda Kozlowski,162
1926,Kurt Loder,162
123,Art Malik,162
1147,Marion Ross,418
1474,Swoosie Kurtz,418
982,Omar Benson Miller,418
1609,Brendan Coyle,418
3005,Lorraine Stanley,418
1022,Jesse Borrego,674
387,Nellie Sciutto,163
1430,Hugh O'Conor,163
3001,Sarah Douglas,163
415,Adrian Alonso,163
723,Om Puri,163
3481,Samantha Esteban,163
817,Richard Brake,163
1671,Lorna Raver,163
2530,Peter McNamara,419
752,Ann-Margret,931
3026,David Lewis,164
3029,Pierre Perrier,164
2989,Jean-Hugues Anglade,164
1417,DeVaughn Nixon,164
743,Jackie Cooper,420
3053,Stephanie Leonidas,420
734,David Walton,676
697,Brian Austin Green,676
1605,Ski Carr,165
2884,Elise Neal,165
174,Eddie Baroo,165
2849,Erick Elias,165
1465,James Read,165
1854,Griffin Dunne,165
1306,Christiana Leucas,165
3043,Bree Williamson,165
384,Dalip Singh,421
230,G.W. Bailey,421
1684,David Ramsey,677
864,Rob Paulsen,677
446,Mary McDonnell,933
2093,Connie Nielsen,933
3074,Miguel Sandoval,166
3207,Veronica Cartwright,422
152,Jean Simmons,422
1825,Jay Chandrasekhar,422
2276,Sandra EcheverrÌ_a,422
2687,Alan Ford,422
923,Isabelle Huppert,678
2212,Charlie Korsmo,678
2241,Frankie Muniz,934
150,Elodie Yung,934
2668,Louise Lasser,167
1042,Troy Garity,167
2970,John Garfield,167
3256,Diane Baker,167
897,Will Beinbrink,167
1141,Eros Vlahos,167
979,Amy Ryan,423
513,Zach McGowan,423
307,Joey Slotnick,423
269,Seth Gilliam,423
794,Ana de la Reguera,679
3196,Melissa Gilbert,679
795,Mary Lynn Rajskub,935
2458,Luke Grimes,935
2384,Kevin Rahm,168
2851,Jason Maza,168
711,James Karen,168
3037,Dwight Henry,168
154,David Threlfall,168
2077,Christian Campbell,168
1851,Mary Mouser,168
3015,Amy Yasbeck,424
1269,Oona Laurence,424
1544,Garrett Morris,424
2375,Fred Armisen,424
2167,Jim Rash,424
1396,Glenn Howerton,424
3334,Paddy Considine,680
165,T.I.,680
268,Debi Mazar,680
1231,Joel David Moore,936
341,Dean Stockwell,936
2009,China Chow,169
3263,Mackenzie Phillips,425
2682,Louise Fletcher,425
539,Stephen Merchant,681
320,Kevin Sussman,681
793,David Costabile,681
749,Kelvin Han Yee,681
1823,Anne Heche,681
1929,Nina Hartley,170
2028,Amelia Warner,170
3327,Matthew Cowles,170
1817,Vondie Curtis-Hall,170
2344,Milo O'Shea,170
1955,Diahann Carroll,426
3042,Alan Hale Jr.,426
2143,Denise Crosby,426
3054,Deborah Kerr,426
1112,Dylan Walsh,426
3231,Leonor Varela,426
2752,William Holden,682
1036,Andrew Daly,171
3017,Mark Rolston,171
1557,Juhi Chawla,171
3219,Diane Venora,171
2113,Lindsay Duncan,171
931,Dylan Moran,427
1533,Peter Dante,427
1406,Kevin McNally,427
1076,Leonor Varela,427
407,June Lockhart,427
1027,Robert Davi,683
3162,Lindy Booth,683
278,Burt Young,683
708,James Wilcox,683
161,Stephen Root,939
1762,Tyrone Giordano,172
2450,Rick Rossovich,172
2235,Rob Huebel,172
359,Jsu Garcia,172
2700,David A Cole,428
2708,Armin Shimerman,428
1833,Mary McCormack,428
2656,Yayaying Rhatha Phongam,428
1243,Chris Lowell,940
1526,Martin Landau,940
54,No̩mie Lenoir,173
1046,Ashley Walters,173
1669,Bernie Sanders,173
1001,Anthony Heald,173
2355,Ghassan Massoud,173
214,Jeremy Howard,429
1376,Ty Olsson,429
1637,Skyler Samuels,429
1025,Steven Weber,685
1372,Tatyana Ali,685
1915,Blair Underwood,685
1314,James Biberi,174
802,Gilbert R. Hill,174
1154,Richard Brancatisano,174
564,Horatio Sanz,174
2428,Cody Linley,430
234,Aramis Knight,430
1665,Danny Huston,430
2641,Shenae Grimes-Beech,686
1655,Rhys Wakefield,942
2423,Jill St. John,175
972,Jason Douglas,175
2342,Debrianna Mansini,175
622,Griffin Kane,175
2819,Tonya Lee Williams,175
1693,Serena Scott Thomas,175
3248,Michelle Tabora,175
1298,Hugh Dillon,431
104,Fiona Shaw,687
2466,Julian Sands,687
1000,Shenae Grimes-Beech,687
116,Zo�Ç Kravitz,943
1989,Joe Flaherty,176
3209,Jesse Hutch,176
227,Dwight Schultz,432
1452,DMX,432
813,Carmine Giovinazzo,432
1324,Jemima West,432
3281,Amy Lucas,432
1483,Chris Parnell,432
2260,Robert Pralgo,688
640,Stockard Channing,944
636,Bradley Cooper,14000
40,Vin Diesel,14000
95,Josh Hutcherson,14000
736,Lois Maxwell,177
981,Lino Facioli,177
2304,Marilyn Burns,177
1690,Peter Wingfield,177
3226,Jennie Jacques,177
1450,Billy Aaron Brown,177
1789,Henry Czerny,177
2011,Isaach De Bankol̩,177
3513,Jemima Kirke,433
2328,Sally Kirkland,433
128,Tom Everett Scott,433
946,Jed Brophy,433
1857,Samm Levine,433
488,Marcia Wallace,433
3272,Lon Chaney Jr.,433
1261,Tanya Roberts,433
1189,Misha Gabriel Hamilton,433
2483,Anne Heche,689
2779,Cassandra Scerbo,689
1108,Lauren Ambrose,945
1398,Suzie Plakson,178
3462,Elaine Bromka,178
1191,Chris Ellis,178
2767,Dorothy Lamour,178
1439,Chris Gauthier,434
3123,Ben Youcef,434
1543,Lynn Whitfield,434
2570,Christopher Nicholas Smith,434
239,Spencer Breslin,434
958,Thomas F. Wilson,690
138,Michael Nyqvist,690
1250,Scott Porter,690
1128,Kylie Minogue,690
2003,Marley Shelton,690
1230,Alan Ruck,946
2646,Tomiwa Edun,179
2349,Samuel Roukin,179
162,Andy Richter,179
1216,Andrea Martin,179
1788,Bruce Payne,179
2971,Lauren Sweetser,179
2044,Greg Germann,435
1257,Sarah Gadon,691
102,Mako,691
659,Michael Angarano,947
2820,David White,180
3427,Stuart Whitman,180
3175,Kathleen Rose Perkins,180
2484,Jake Cherry,180
3399,Vanna White,180
2841,Richard Libertini,180
880,Robin Sachs,436
109,Cedric the Entertainer,436
1232,Carel Struycken,436
2471,Tim DeKay,436
98,Rupert Everett,692
830,Sarah Gadon,692
242,Jeffrey Jones,692
1681,Don Stark,181
2886,William Butler,181
1701,Ryan Donowho,181
1721,Tom Conti,181
3414,John Doe,181
1416,Clarke Peters,437
674,Louis Lombardi,437
598,Michael Jeter,693
1629,Jane Fonda,949
119,Niecy Nash,182
1556,Colleen Haskell,182
1071,Bill Nunn,182
531,Gaia Weiss,182
1288,Luke Mably,438
2548,Tony Danza,694
333,Sandahl Bergman,183
1256,Nina Arianda,183
2170,Jimi Mistry,183
2745,Peter Jacobson,183
3118,Jorge Diaz,183
167,April Winchell,183
422,Bruce Thomas,183
2878,Brenda Vaccaro,183
1519,Boyd Holbrook,439
348,Jim Carter,439
1284,Jasika Nicole,439
595,Chelsea Handler,439
525,Randy Quaid,695
426,Heather Locklear,695
246,Oliver Reed,695
3169,Albert Maysles,184
573,Michael Kitchen,184
2455,Derek Wayne Johnson,184
157,John Diehl,184
840,Stephen Walters,184
2461,Bob Marley,184
2311,Bill Clinton,184
510,Ron Rifkin,184
844,Alison Doody,440
1451,Chelan Simmons,440
2420,Ayla Kell,440
2432,Peter Ustinov,440
680,Eric McCormack,440
2108,Mehcad Brooks,696
750,Jennifer Garner,3000
265,Rufus Sewell,3000
747,Adam Scott,3000
89,Djimon Hounsou,3000
1123,Justin Timberlake,3000
1467,Rosario Dawson,3000
1403,Bailee Madison,3000
537,Seth MacFarlane,3000
804,Leighton Meester,3000
27,Don Cheadle,3000
2364,Bryce Dallas Howard,3000
245,Robert Duvall,3000
3408,Barbie Castro,185
321,Marc John Jefferies,441
1534,Anthony Daniels,441
2633,Sara Gilbert,697
403,Jim Parrack,697
478,John Heard,697
1599,Hayley McFarland,697
144,America Ferrera,953
2082,Lambert Wilson,186
2979,Rose Marie,186
706,Michael Chernus,186
1948,Chris Bruno,186
1589,Sarah Wynter,186
1347,Gloria Reuben,186
807,Celia Imrie,186
289,Elton John,442
1719,Mark Webber,442
2444,Lil' Wayne,442
1329,Tom Noonan,442
1224,Hope Davis,442
2929,Jack O'Connell,698
1182,Hayley Lovitt,954
1061,Eric Winter,954
108,Brian Dennehy,954
1319,Jaycee Chan,187
526,David Hyde Pierce,443
381,David Ogden Stiers,443
784,Rupert Graves,443
892,James Tumminia,443
118,James Lipton,699
2213,Tom Waits,699
3325,Eddie Spears,699
2250,Esai Morales,699
1426,Charles Martin Smith,188
1713,Melvil Poupaud,188
2946,Dana Andrews,188
2768,Will Geer,188
2136,Rebecca Black,188
2727,Ernie Reyes Jr.,444
2237,Lee Tergesen,444
2536,Li Jun Li,444
1724,Noureen DeWulf,700
1321,Jason Alexander,700
373,Tony Goldwyn,956
1699,Leven Rambin,956
2810,Micah Sloat,189
2427,Clifton James,189
2397,Natalie Coughlin,189
141,Chad Lindberg,445
3328,Max Adler,445
1425,Ernie Reyes Jr.,445
774,Herbert Russell,701
2672,James Duval,701
2617,Carter Jenkins,701
929,Wilford Brimley,957
329,John Michael Higgins,957
2214,Isiah Whitlock Jr.,190
1115,Kiersey Clemons,190
459,Yvette Nicole Brown,446
1705,Nora Zehetner,446
97,Andre Braugher,702
1776,Martin Balsam,191
2078,Bill Erwin,191
88,Carolyn Hennesy,191
587,Bob Peck,191
2013,Noam Jenkins,191
2155,Robert Prosky,191
1215,Yvette Nicole Brown,447
1585,Matt Schulze,447
237,C̩cile De France,447
596,Vincent Regan,447
2116,Tammy Blanchard,192
2596,Rachel Korine,192
2888,Joe Dinicol,192
1165,Angus Macfadyen,448
2216,Johnny Whitworth,448
2612,Michael Richards,448
2571,Daren Kagasoff,704
3299,George Harrison,704
2718,Lili Taylor,960
1453,Laura Ramsey,960
467,Azura Skye,193
1845,Paul Freeman,193
2803,Charles Grodin,449
3126,Scott Elrod,449
850,Michael Nardone,194
2805,Amy Irving,194
2186,Raoul Max Trujillo,194
3501,Stanley B. Herman,194
700,Sam Anderson,194
3185,Matt Stone,194
2905,Sal Mineo,450
1871,Marc Donato,450
1095,John Larroquette,450
2488,Eamonn Walker,706
806,Mike Epps,706
2730,Hal Landon Jr.,195
2358,Nicholas Hammond,195
3276,Louis Ozawa Changchien,195
241,Philip Glenister,195
2290,Enrique Murciano,195
906,Obba Babatund̩,451
2528,Ji-hyun Jun,451
626,Giancarlo Giannini,451
455,Michael Kelly,963
19,Chris Zylka,963
351,Zoe Kazan,963
2284,Amanda Troop,196
3038,Claude Akins,196
1125,Kirsten Day,196
2754,Marama Corlett,196
2196,Eddie Albert,196
949,Evan Jones,196
3323,Cecelia Antoinette,196
670,Shawn Christian,196
519,Dexter Fletcher,452
593,Wendie Malick,452
267,Stephen Collins,452
2864,Talia Shire,452
709,Natasha Richardson,708
255,Teri Polo,708
2943,Brad Schmidt,708
136,Sebastian Roch̩,964
1790,Frankie Valli,197
2855,Bob Ross,197
1527,Lolita Davidovich,197
1357,George Lopez,453
1415,Ahney Her,198
2868,Jillian Murray,454
2389,Rory Culkin,710
1252,Romany Malco,966
1582,Matt Hill,199
2178,Britt Ekland,199
1459,Victoria Beckham,199
2777,Kassie Wesley DePaiva,199
2557,Madhavan,199
2313,Ralph Bellamy,199
1138,Sam J. Jones,455
1618,Edgar Arreola,455
2449,Jennifer Butler,455
694,Chris Penn,455
2287,Jason London,711
2232,Jeanne Tripplehorn,711
1413,Matthew Lawrence,711
1677,Dianne Wiest,967
137,Wayne Knight,967
2386,Amy Locane,200
2836,Rekha,200
2826,Countess Vaughn,200
2295,Jesse Garcia,200
2705,Yaya DaCosta,712
1344,Alex Rocco,968
984,Miko Hughes,968
294,Clifton Collins Jr.,968
1092,Bill Murray,13000
57,Eddie Redmayne,13000
547,Matt Damon,13000
260,Bruce Willis,13000
3305,Abby Elliott,201
2927,Justine Waddell,201
1799,Paul Sparks,201
2025,Elisa Donovan,201
15,Dami�Án Alc�Ázar,201
2240,Everett McGill,201
819,Rachel Roberts,201
3269,Tom Burke,201
1759,JR Bourne,457
2793,Ashley Williams,969
2347,Valarie Pettiford,202
900,Jos̩ Ferrer,202
1792,Juliet Stevenson,202
2582,Garrett Ryan,202
233,Lois Chiles,202
1767,Collins Pennie,458
1151,Wendell Pierce,458
704,Holland Taylor,458
2248,Melissa Benoist,970
2436,Emma Caulfield,970
284,Jon Heder,970
582,Bill Cobbs,970
2221,Charlie Murphy,203
262,Gary Lewis,203
1420,Jamie Blackley,203
63,Stephen Colbert,459
2042,Antonio Sabato Jr.,459
606,Fred Ward,459
1735,J.J. Cohen,459
1013,Jesse L. Martin,715
481,Alexis Dziena,715
339,Elizabeth Daily,971
1912,Mia Kirshner,971
646,Leleti Khumalo,204
2331,Shaun Evans,204
1435,Jay R. Ferguson,204
991,Roscoe Lee Browne,204
2787,Jere Burns,460
1428,Bryan Callen,460
630,Sophie Okonedo,460
1201,Steve Bannos,460
2368,Jeff Marlow,460
631,Callum Rennie,716
3333,Tony Bennett,205
2602,Andrew Airlie,205
378,Mike Tyson,461
194,Bob Gunton,461
483,Tim McGraw,461
3416,James Deen,461
2104,Dichen Lachman,717
810,Taylor Dooley,717
1838,Marc Blucas,973
1143,Joanna Lumley,973
2421,Rainn Wilson,973
1130,Shaun Toub,206
932,Julia Sawalha,206
3143,Lucy Fry,206
650,Martin Donovan,206
1081,Owen Burke,206
490,Cristi�Án de la Fuente,462
2217,Lily Tomlin,718
17,Nicole Scherzinger,718
571,Bingbing Li,974
160,Ben Schwartz,463
753,Dash Mihok,463
2875,Shea Whigham,463
2809,Caleb Landry Jones,463
2238,Jerry Stiller,719
362,Ellen Wong,719
535,Jack McBrayer,975
1203,Michael Rapaport,975
389,Paula Abdul,208
31,Ramon Rodriguez,464
1622,Matthew Knight,464
273,Michael Wincott,720
10,Alan D. Purwin,2000
1400,Dennis Quaid,2000
1641,Noel Gugliemi,2000
2233,Hunter Parrish,2000
80,Hayley Atwell,2000
612,Alyson Stoner,2000
832,Demi Moore,2000
111,Dominic Monaghan,2000
741,Judy Greer,2000
1205,Topher Grace,2000
1419,Mike Vogel,2000
100,Matt Smith,2000
1093,Toby Jones,2000
1493,Abbie Cornish,2000
641,Alison Brie,2000
331,Natascha McElhone,2000
3284,Michael Biehn,2000
960,Alexa PenaVega,2000
1436,Kelly Macdonald,2000
908,Matthew Broderick,2000
2731,Beth Broderick,209
2390,Alexa Havins,209
2912,Jessica Hecht,209
1882,Hill Harper,465
987,Lindsay Sloane,465
285,Roger Bart,465
558,Alex Russell,465
611,Tasha Smith,721
38,Don Rickles,721
3088,Michael Berryman,721
1468,Faye Dunaway,977
487,James Morrison,210
1015,Carlease Burke,210
653,Julia Duffy,210
570,Paul Guilfoyle,210
424,Madison Rothschild,210
355,Karl Yune,210
1342,Demetri Martin,210
308,Kelly Lynch,466
240,Chi McBride,466
673,Jamie Foreman,466
748,Hill Harper,466
288,Kristin Davis,722
3018,Matt Lucas,722
1710,Sean Pertwee,722
2095,T.J. Thyne,722
992,Ebon Moss-Bachrach,211
1741,Paul 'Pauly D' DelVecchio,211
2593,Sharon Leal,467
2785,Robert Townsend,467
272,Ingrid Bols�ü Berdal,467
703,Ned Beatty,467
956,Craig T. Nelson,723
591,John Witherspoon,723
2648,Costas Mandylor,723
105,Eddie Marsan,979
1801,Sam Reid,212
3340,Vincent De Paul,212
2683,Braeden Lemasters,212
2125,Paul Gleason,212
435,Jemima Rooper,212
497,Leila Arcieri,212
1418,Caroline Goodall,212
1441,Rebecca Gayheart,468
1281,Liam James,468
2516,Enrico Colantoni,724
1080,Nick Robinson,724
874,Heather Burns,213
349,Sarah Parish,213
1106,Josh Segarra,213
2955,Crystal R. Fox,213
81,Mary Kay Place,213
2833,Clifton Powell,469
1688,Edi Gathegi,725
3158,Dee Wallace,725
143,Bruce Greenwood,981
2877,Scott Evans,214
1002,Nat Faxon,214
1649,Jake Short,470
498,Eddie Deezen,726
1438,James Badge Dale,726
79,Jin Akanishi,982
542,Bruce Greenwood,982
1546,Don Johnson,982
388,Katy Mixon,982
428,Ethan Embry,982
479,Huey Lewis,215
2914,Ana Gasteyer,215
725,Rex Linn,215
1850,Chris Andrew Ciulla,215
843,James Lew,215
1663,Sharon Lawrence,215
342,Elliott Gould,471
2915,Amanda Plummer,471
2871,Jason Priestley,471
2109,Bill Irwin,471
1083,Alexandra Maria Lara,471
506,Raoul Bova,727
1939,Alia Shawkat,727
687,Kevin Brown,727
313,Robert Maillet,727
1580,Kenneth Colley,216
2374,Michaela Watkins,216
3532,Jeff Anderson,216
1432,Powers Boothe,472
1047,Lorraine Bracco,472
1219,Jim Gaffigan,472
2168,Kevin Tighe,472
2071,Rumer Willis,472
1666,Kelly Carlson,472
760,Alia Shawkat,728
4,Joseph Gordon-Levitt,23000
188,Marshall Bell,217
1236,Rodger Bumpass,217
1904,Glenn Shadix,217
1079,David Walliams,217
2623,Cynthia Barrett,473
996,Ian Whyte,473
705,Fred Willard,729
1756,Martin Starr,985
2987,Linda Lovelace,218
458,Charles Halford,218
2738,Brandon Mychal Smith,218
661,Xzibit,218
1390,Gerry Bednob,218
1596,Chris Pontius,218
1772,Andrew Dice Clay,218
1481,Paul Ben-Victor,218
3292,Brent David Fraser,218
3316,Lynn Cohen,474
411,Dick York,474
1971,Leon,730
826,Kelli Garner,730
882,Robert Ri'chard,730
2200,Al Leong,730
2319,Chris Young,219
3200,Sunil Shetty,219
1041,John Aylward,219
1268,Daniel Kaluuya,219
3140,Patrick Muldoon,475
603,Clarence Williams III,475
1918,Bianca Kajlich,731
2823,Lauryn Hill,220
1590,Riley Thomas Stewart,220
2542,James Buckley,220
1964,Chris Geere,220
2215,Jaden Klein,220
298,Megalyn Echikunwoke,476
2735,Olivia d'Abo,476
2236,Tamara Taylor,476
3525,Bob Dylan,476
39,Common,988
2256,Robert Peters,221
2408,Ellie Kendrick,221
583,Tom Goodman-Hill,221
2509,Amy Madigan,221
3247,Hal Linden,221
2847,Christopher Schmidt,221
2729,Ronnie Gene Blevins,221
1518,Kevin Williamson,221
3395,Mary Norwood,221
789,Conrad Goode,477
1371,Matthew Settle,477
159,Lukas Haas,733
1648,John Patrick Amedori,733
2098,Nat Wolff,733
385,Lauren Gottlieb,733
484,Gary Cole,989
470,Steve Byers,222
2561,Shane Meadows,222
2839,Paula Marshall,222
1059,Wei Zhao,478
2916,Dayo Okeniyi,478
1153,Matt Prokop,734
1761,Quinton Aaron,734
893,Joel McHale,734
3234,Bruno Campos,223
1781,Kate Burton,223
1473,Tony Plana,223
1210,Judy Davis,223
1007,Ione Skye,223
691,Cynthia Nixon,479
2447,Katie Aselton,224
1953,Estelle Parsons,224
3412,Finola Hughes,224
2869,Carroll O'Connor,480
651,James Corden,480
1137,Douglas Smith,480
1073,Mariah Carey,736
508,Radha Mitchell,992
1949,Steve Buscemi,12000
115,Anthony Hopkins,12000
185,Dwayne Johnson,12000
155,Taylor Lautner,12000
210,Nicolas Cage,12000
3402,Raven Goodwin,225
955,William Bassett,225
926,Michael Nouri,225
1859,Teri Garr,481
585,Robert Wagner,481
2931,Red Skelton,226
2728,Denis Lavant,226
3164,Paul Borghese,226
623,Bill Hunter,226
857,Jon Gries,482
2191,Leigh Whannell,482
1251,Fionnula Flanagan,482
20,Scott Grimes,738
1525,Theresa Merritt,227
447,Vanessa Lee Chester,227
1118,Steven Mackintosh,227
2637,Alice Evans,227
276,Ben Stein,227
2032,Bruno Kirby,227
2642,Katie Leclerc,483
1050,Andy Lau,483
2788,Grey Griffin,739
496,Hector Elizondo,995
1366,Jeffrey Markle,228
3213,Laura Breckenridge,228
1704,Tyrone Benskin,228
1920,Russ Tamblyn,228
1587,Eddie Kaye Thomas,484
309,June Foray,484
854,Brian Doyle-Murray,484
951,B̩r̩nice Bejo,996
2193,Clare Kramer,229
1140,Leon Rippy,229
3177,Misty Upham,229
1446,LisaRaye McCoy,485
3095,Kiowa Gordon,485
645,Xander Berkeley,485
226,Chad L. Coleman,741
2305,Johnny Lewis,741
2376,Aimee Teegarden,741
2333,Perrey Reeves,230
649,Michael Lerner,230
1160,Shawn Doyle,230
1829,Paulo Costanzo,486
2411,Richard Bull,742
1449,Kelly Preston,742
2695,Kathleen Munroe,231
430,Glenne Headly,231
1574,Anne-Marie Duff,231
2243,India de Beaufort,231
1712,Toni Braxton,231
1602,Mike White,487
3249,Matt Cohen,487
1462,Richard Tyson,743
3478,Kayden Kross,232
3125,Royal Dano,232
544,Maury Chaykin,232
1510,Liya Kebede,232
1930,Joss Ackland,232
457,Barry Shabaka Henley,232
3081,Joel Murray,488
1098,William Hootkins,488
2154,Paz de la Huerta,488
634,Patrick Kilpatrick,488
394,Dave Chappelle,744
2069,Hannah Murray,1000
1624,Amy Poehler,1000
2094,Dania Ramirez,1000
1178,Mark Margolis,1000
1204,Jay Hernandez,1000
2141,Jason Flemyng,1000
319,Josh Gad,1000
1976,Leslie Bibb,1000
772,Danny Masterson,1000
2,Jack Davenport,1000
2302,Vic Waghorn,1000
35,James Frain,1000
836,Alison Lohman,1000
205,Zo�Ç Bell,1000
799,Natasha Lyonne,1000
1063,Emily Osment,1000
316,Jesse McCartney,1000
580,Goran Visnjic,1000
200,Alice Braga,1000
228,Peter Mensah,1000
1271,Ellen Burstyn,1000
49,Jim Broadbent,1000
302,Ethan Suplee,1000
374,Lisa Ann Walter,1000
3002,Dane Cook,1000
13,Tom Wilkinson,1000
181,Alfred Enoch,1000
110,Steve Coogan,1000
878,Dylan Minnette,1000
1554,Angus T. Jones,1000
223,Mekhi Phifer,1000
695,Christopher Lambert,1000
1911,Janeane Garofalo,1000
21,Kristin Scott Thomas,1000
1199,Robert Mitchum,1000
26,Omar Sy,1000
656,50 Cent,1000
41,Mireille Enos,1000
852,Alfre Woodard,1000
1183,Clea DuVall,1000
1350,Jeri Ryan,1000
1026,Christina Milian,1000
1592,Devin Ratray,1000
16,Stephen Graham,1000
198,Justin Theroux,1000
202,Jennifer Ehle,1000
764,Tom Skerritt,1000
2538,Bill Duke,1000
887,John Ratzenberger,1000
2292,Malese Jow,1000
209,Ian McDiarmid,1000
503,LL Cool J,1000
65,Ray Winstone,1000
672,Clint Howard,1000
1858,Kurtwood Smith,1000
60,Tye Sheridan,1000
1818,Jessica Lowndes,1000
180,Stephanie Szostak,1000
619,David Oyelowo,1000
1568,Alden Ehrenreich,1000
94,Oliver Platt,1000
1272,Emmanuelle Vaugier,1000
1377,Dorian Missick,1000
2194,Kieran Culkin,1000
787,Alexander Gould,1000
669,CCH Pounder,1000
421,Boris Kodjoe,1000
1744,Laurence Olivier,1000
2146,Zach Galligan,233
3298,John Brodsky,233
140,David Herman,233
1670,Joe Cole,233
367,Julie Kavner,233
2829,Joyful Drake,233
3024,Dave Sheridan,233
1754,Pedro Miguel Arce,233
112,Nona Gaye,233
2008,Lexa Doig,489
1760,Bree Turner,489
3559,Eliza Coupe,489
312,Kevin Chamberlin,489
2079,Dong-gun Jang,489
445,Albert Brooks,745
489,Jeffrey DeMunn,745
614,Billy Crudup,745
3308,D. David Morin,234
1552,Steve Bastoni,234
1503,Rachel Blanchard,490
113,Livvy Stubenrauch,490
1654,Riki Lindhome,490
715,Jamie Kennedy,490
557,Matt Walsh,490
1837,Ben Platt,746
133,Rick Yune,746
848,Steve Bacic,235
994,Scott Vance,235
1003,Jesse James,235
3401,James McCaffrey,235
2198,Frances Bay,491
1190,Rachel Blanchard,491
2051,Cas Anvar,491
2671,Juan Fern�Ández,491
937,Charice,491
2801,Josh Hopkins,491
46,Reece Ritchie,236
3252,Christina Vidal,236
655,Joe Viterelli,236
1987,Jean-Marc Barr,236
3517,Beau Knapp,236
3278,Max Gail,236
2859,Noah Segan,236
1506,Michael Par̩,492
509,Michael Dorn,748
1318,Sarah Carter,748
142,Ben Mendelsohn,748
978,Shantel VanSanten,748
2326,Kevin McHale,748
14,Harry Lennix,748
2034,Fredro Starr,237
2721,Bill Johnson,237
847,Mel Rodriguez,237
1266,Kate Capshaw,237
2469,Travis Aaron Wade,493
1386,Eion Bailey,749
935,Demi�Án Bichir,749
3335,Al Sapienza,238
1798,Aden Young,238
1874,Ruby Jerins,238
1994,Barbara Bach,238
1067,Deborah Kara Unger,494
3435,Greg Jackson,494
873,Jenny McCarthy,750
1179,Hudson Leick,239
1218,Simon Callow,239
1004,Courtney B. Vance,495
391,Kathryn Joosten,495
372,Anthony Edwards,495
405,Zahn McClarnon,495
1327,Hana Mae Lee,751
625,Kristen Connolly,751
613,Rosa Salazar,240
1509,James Tupper,240
1208,Michael DeLorenzo,240
2278,Glenn Plummer,240
742,Amanda Detmer,240
1456,Eric Cantona,240
2465,Sydney Penny,240
293,Chris Barrie,240
1993,Malik Yoba,496
702,Irene Bedard,752
1351,Simon Woods,241
451,Jay Leno,241
189,Clive Russell,241
726,John Ashton,241
2265,Haluk Bilginer,241
944,Patrick Fischler,497
532,Philip Baker Hall,497
745,Bernadette Peters,753
2717,Amy Hill,242
678,Paolo Montalban,242
2521,L.Q. Jones,242
493,Cherry Jones,242
1816,Hakeem Kae-Kazim,242
2591,Chrystale Wilson,498
610,Anne Bancroft,754
1006,Angie Dickinson,754
3317,Ti West,243
720,Paul McGann,243
2185,Dustin Milligan,499
2054,Sarah Wright,499
1667,James Brolin,499
1632,Lucas Grabeel,755
2934,Howard Keel,244
1822,Theodore Bikel,244
1290,Cheri Oteri,244
2974,Miranda July,244
517,Chelcie Ross,244
153,Desmond Llewelyn,244
1535,Theresa Randle,244
917,Harvey Fierstein,500
2419,Charles Baker,500
1607,Taran Killam,500
1644,Geoff Stults,756
1214,Sonja Sohn,245
3174,Jason Burkey,245
1065,Kristen Johnston,501
894,Timothy Hutton,501
1601,Jose Pablo Cantillo,501
1812,Amanda Schull,757
1254,Bonnie Somerville,246
2853,Zach Grenier,246
529,Neil Maskell,246
120,Lily James,502
1246,Tracie Thoms,502
408,Jose Pablo Cantillo,502
2140,Alexandra Callas,247
1897,Hugh O'Brian,247
318,Kevin Nealon,503
2607,Lauren London,503
2226,Charles Napier,503
2112,Harland Williams,503
315,Cree Summer,503
2230,Diedrich Bader,759
471,Ransford Doherty,759
87,Craig Ferguson,759
2753,Thomas Mitchell,248
2774,Kevin J. O'Connor,248
1501,Jack Plotnick,248
3397,Ryan Carnes,248
1122,Jamie Hector,248
1195,Kenny Baker,504
30,Sean Hayes,760
2296,Spencer Tracy,760
500,Christoph Waltz,11000
352,Brad Pitt,11000
275,Harrison Ford,11000
24,Chris Evans,11000
75,Sam Claflin,11000
643,Matthew McConaughey,11000
28,Anne Hathaway,11000
344,Jon Lovitz,11000
61,Morgan Freeman,11000
779,Zooey Deschanel,11000
33,James Franco,11000
461,Angelina Jolie Pitt,11000
1368,Meryl Streep,11000
3056,Marla Gibbs,249
1542,Lainie Kazan,249
323,Michael Wright,249
2412,Tiffany Dupont,249
970,Wendy Crewson,249
2498,Richard Beymer,249
2920,George Harris,249
2812,Denholm Elliott,249
2854,Lindsey Haun,249
1012,Anne Archer,249
468,John Gielgud,249
2685,Megan Follows,505
1104,Rebecca Mader,505
1749,Dante Brown,505
1159,Jason Behr,505
449,Bruce Davison,505
1902,Isabelle N̩lisse,250
3417,Sarah Lancashire,250
1866,Sergi LÌ_pez,250
1343,Kenneth Mitchell,250
578,Richard Schiff,506
1035,Riley Smith,762
1796,Henry Silva,251
2120,Brian Dietzen,251
1492,James Patrick Stuart,251
2259,Carol Sutton,251
962,Rosie O'Donnell,251
2182,Tom Cullen,507
1672,Joanne Whalley,507
666,Michael Irby,507
1869,Christopher Evan Welch,252
898,Ben Miller,252
3149,Matthew R. Anderson,252
1242,Melinda Dillon,252
822,Michelle Forbes,764
947,Bob Hastings,253
3229,Fiona Dourif,253
259,John Fiedler,253
1149,Michael Mosley,253
827,Raza Jaffrey,509
70,Noah Taylor,509
1407,Maura Tierney,509
1529,A.J. Langer,254
1636,Jeff Perry,254
3290,Cynthia Watros,254
1951,Dan Futterman,254
904,David Belle,510
1009,John Kapelos,510
1121,Colin Salmon,766
292,Olivia Williams,766
1119,Mindy Kaling,766
2543,Eva Marcille,255
1852,Paul Winfield,255
1479,Zena Grey,255
868,Randall 'Tex' Cobb,255
820,Tim Daly,511
2715,Gabriel Iglesias,511
3113,Christopher Atkins,511
986,Aidan Quinn,767
1341,Charlie Talbert,767
627,Fred Williamson,767
803,Phoebe Cates,767
