actor_1_id,actor_1_name,actor_1_facebook_likes
2120,Ian Gamazon,0
2100,Don Brooks,0
1291,Robert Redford,0
2081,Chemeeka Walker,0
2089,Chris 'Wonder' Schoeck,0
1748,Ami Ayalon,0
1916,Bhole Baba,0
1760,Lee Scott,0
1920,Heather Berman,0
2060,Ariel Hsing,0
881,Pablo Sevilla,0
1910,Karen Alexander,0
2047,Abigail Evans,0
1948,Elizabeth Streb,0
1977,Carol Block,0
2048,Iulia Ciochina,0
2125,Eva Boehnke,0
1873,Stana Roumillac,0
1726,Tshewang Dendup,0
2058,Naderev Sano,0
1777,Elina Abai Kyzy,0
2018,Sam Adams,0
1914,Dario Nozic Serini,0
2075,Jonathan Blow,0
1909,Aliou Tour̩,0
2039,Hanne Aagesen,0
1040,Sierra McCormick,512
812,Willie Garson,512
578,Catherine Dyer,768
760,Darcy Donavan,640000
1336,MyAnna Buring,513
303,Finn Wittrock,769
98,Toby Stephens,769
652,George Carlin,769
1151,Jeremy Davies,769
245,Bob Neill,2
2070,Stephen Carr,2
1990,Vera Ngassa,2
1938,Daston Kalili,2
2024,Brendan Doogie Milewski,2
2041,Darryl Hunt,2
719,Tenzin Thuthob Tsarong,2
935,Darci Kistler,2
1619,Bhavkhandan Singh Rakhra,258
1215,Byron Mann,258
184,Martin Short,770
1792,Nataniel S�Ánchez,3
1829,Anwar Congo,3
1974,Amos Oz,3
619,Jeremy W. Auman,3
2036,Melanie Papalia,259
741,Pam Ferris,771
1352,Leonid Yarmolnik,4
1936,Bo Huang,4
747,Christo Jivkov,260
1579,Fred MacMurray,516
1218,Chase Ellison,772
2103,Tommy Pallotta,5
2114,Fereshteh Sadre Orafaiy,5
1476,Bhama,5
2005,Charis Michelsen,5
152,Mathew Buck,5
734,Kim-Marie Woodhouse,5
2099,Nichole Ceballos,5
1407,Jean-Baptiste Maunier,517
958,Nancy Allen,517
634,James Coburn,773
1392,James Nesbitt,773
1217,Harry Styles,773
1456,Jeffrey Frost,6
624,Rumi Hiiragi,6
1316,Mitsuo Iwata,6
1329,Akon,262
1895,Kevin Scott Richardson,262
1884,Zachary Knighton,262
1841,Jordana Spiro,262
1905,Joe Cocker,262
124,Suraj Sharma,774
782,Mark Valley,774
1277,Sarunyu Wongkrachang,7
1894,William Gates,7
1846,Rasheed Naz,7
1384,John Cameron Mitchell,263
595,Aaliyah,775
1863,Eric Lloyd,775
748,Luke Bracey,775
1955,Bob Proctor,8
757,Lee Remick,264
885,Shengyi Huang,264
1436,Warren Christie,520
1066,Eddie Izzard,776
1438,Vanna Bonta,21000
84,Robert Pattinson,21000
22,Robert Downey Jr.,21000
1159,Honglei Sun,9
1158,Marcell Nagy,9
1683,Kathleen Wilhoite,265
677,Tika Sumpter,521
540,M. Emmet Walsh,521
453,Sydney Pollack,521
2115,Patrick O'Donnell,10
1809,Andrew Robinson,266
1508,Angell Conwell,522
579,Jon Foo,778
1822,Kevin Corrigan,778
1584,Matthew Senreich,11
1628,Jack Kao,11
704,Lilli Lavine,11
1609,Dyan Cannon,267
2083,Ty Parker,267
466,Marcela Mar,267
824,Cem Yilmaz,523
695,Sandra Ellis Lafferty,523
729,Gerald McRaney,523
687,Tyler Labine,779
439,Corinna Harney,779
1832,Kumar Gaurav,12
2065,Philippe Leroy,12
1805,Talia Zucker,12
1804,Piero MaggiÌ_,12
2026,Christina Hart,12
1790,Lemmy,268
314,Ian McNeice,268
48,Tzi Ma,268
320,Shawna Waldron,524
156,Joe Morton,780
1433,Maribel Verd̼,269
1149,Anika Noni Rose,525
1932,Tommy Sheppard,14
1800,Sarah Murphy-Dyson,14
2050,Charla Cochran,270
858,Barry Watson,526
535,Richard Epcar,782
1410,Ruby Dee,782
1848,Jason Ritter,782
1564,Fran̤ois B̩gaudeau,15
1636,Hanno P̦schl,15
1167,Tatsuo Matsumura,15
1975,Mark Zupan,15
817,Alessandro Nivola,527
733,Meat Loaf,783
99,Ed Begley Jr.,783
1650,Leopold Stokowski,16
1871,Sam Edwards,16
763,Jim Meskimen,272
123,Karen Allen,784
1468,David Raizor,784
868,William McNamara,10000
116,Rupert Grint,10000
492,Andrew Garfield,10000
795,Alexander Skarsg̴rd,10000
120,Jeremy Renner,10000
220,Anna Kendrick,10000
57,Tom Cruise,10000
415,Viggo Mortensen,10000
352,Olivia Wilde,10000
15,Will Smith,10000
1078,Jensen Ackles,10000
62,Gary Oldman,10000
374,Marlon Brando,10000
933,Bunta Sugawara,17
2064,Diane Sorrentino,17
1100,Bel̩n Rueda,273
1191,Keir Dullea,273
130,Shelley Conn,273
1697,Merritt Wever,529
1143,Heather Matarazzo,529
585,Charlyne Yi,529
1864,Kimberly Williams-Paisley,529
242,Fergie,529
2118,Julianna Pitt,785
1174,Lily Cole,785
1913,Paul McCartney,785
1580,Tamara Toumanova,18
1374,Maria Pia Calzone,18
1486,Jaime Camil,274
1524,Connor Paolo,530
1234,Miranda Richardson,530
1878,Shahab Hosseini,786
898,Debbie Reynolds,786
1260,Danny Pino,786
1982,James Cagney,786
566,Patton Oswalt,786
1997,Rumi Missabu,19
1985,Kevin Howarth,19
2088,Dan Novy,19
1614,Isaac Hayes,275
44,A.J. Buckley,275
80,Bruce Spence,531
1346,Melinda Clarke,787
523,Jimmy Fallon,787
1239,Vincent Gallo,787
819,Cole Hauser,787
907,Dylan Authors,20
1063,Konstantin Lavronenko,20
1621,Rijk de Gooyer,20
839,Pablo Rago,20
1098,Krystyna Janda,20
1834,G.W. Krauss,20
1826,Shahir Kabaha,20
1176,Lois Smith,276
1330,Saif Ali Khan,532
445,Joseph Gilgun,788
295,Michael Raymond-James,788
319,Si Won Choi,21
2117,Tatiana Suarez-Pico,21
1557,Jane Goodall,21
806,Sergey Garmash,21
271,David Gant,21
1678,Nicholas Aaron,21
394,Todd Stashwick,277
1536,Keenan Wynn,277
1717,Karl E. Landler,533
1233,Eoin Macken,533
841,Paige Turco,533
345,Peter Greene,789
388,Billy Campbell,789
1959,Tony Alva,22
383,Charles S. Dutton,534
871,Isaiah Washington,534
1674,Michel Robin,23
236,Nissim Renard,23
1081,Phil Vischer,23
1908,Kendyl Joi,23
807,Rod Steiger,279
109,Mark Rylance,535
1205,Jeff Fahey,535
1431,Gene Tierney,535
2032,Devid Striesow,24
1489,Nicolas Giraud,24
1883,Norma Aleandro,24
2082,Virginia Leith,24
1223,Johannes Silberschneider,24
1774,Ulrich Thomsen,280
1566,Catalina Sandino Moreno,280
1597,Michael Gross,536
931,Mem Ferda,31000
1318,Rachel Ann Mullins,31000
869,Marisa Saks,31000
1487,Jan Decleir,25
1888,Scott Helvenston,25
1404,Kayla Jackson,25
1737,Harry Carey Jr.,281
297,Will Patton,537
1147,Melanie Griffith,537
2008,Ally Sheedy,793
2090,Taliesin Jaffe,26
2098,Andrew Bujalski,26
1870,Ahna O'Reilly,282
1786,Jerry Mathers,282
1680,Najarra Townsend,538
365,Dougray Scott,794
1203,Tina Turner,794
1644,Ashley Scott,794
2038,Marina Vlady,27
1364,John Cothran,27
887,Mustafa Haidari,283
208,Jeff Bennett,283
2046,S. Epatha Merkerson,539
346,Colm Feore,539
249,Sasha Roiz,795
1988,Embeth Davidtz,795
377,Eric Idle,795
1558,Chris Brochu,795
1290,Yu-mi Jeong,28
1136,Lexie Contursi,28
1875,Gavin MacLeod,284
1047,Daniel Stern,796
1417,Russell Tovey,796
444,Donatas Banionis,29
1555,Otto Jespersen,29
1498,Yangzom Brauen,29
1700,Rapulana Seiphemo,29
769,Alexis Arquette,285
803,Fran̤ois Cluzet,541
754,Lena Olin,541
575,Cheryl Hines,541
892,James Callis,541
1157,Eva Amurri Martino,797
1924,Marina Golbahari,30
620,Maricel ́lvarez,30
1937,Brian Eno,30
1416,Aksel Hennie,286
1243,Danny Dyer,798
783,Frank Grillo,798
1785,Ximena Ayala,31
1413,Lindsay Kay Hayward,31
495,Kelly Rutherford,287
598,Daniel Mays,287
1331,Max Riemelt,287
1781,Ray Milland,287
358,Sunny Mabrey,287
1816,Mick Jagger,543
1090,Derek Luke,543
1180,Lee Majors,799
8,Brad Garrett,799
2097,Joseph Campanella,32
768,Fanny Ardant,288
2020,Joshua Ray Bell,288
591,Tatum O'Neal,288
209,Caroline Dhavernas,544
1533,Rachel Hendrix,544
74,Mark Chinnery,544
363,Matt Bomer,20000
2093,Derick Martini,20000
26,Hugh Jackman,20000
132,Natalie Portman,20000
1694,Jeffrey Falcon,33
1599,Alicja Bachleda,289
541,Bridgette Wilson-Sampras,545
449,Candice Bergen,545
511,Gena Rowlands,545
909,Steve Guttenberg,801
1750,Donald Glover,801
1791,D̩borah R̩vy,34
2012,Michael Abbott Jr.,35
1286,Bj�ürn Sundquist,35
2084,Justin Gordon,35
2119,Shane Carruth,291
1306,Telly Savalas,803
1111,Teo Halm,803
2045,Bahare Seddiqi,36
266,Peter Coyote,548
1681,Vanessa Lengies,804
1365,Rita Moreno,804
562,Gregory Scott Cummins,37
1403,Jonathan D. Mellor,37
1819,Michael Pollan,37
525,Noah Bean,293
981,Jennifer Hudson,549
1105,Jack Palance,549
836,Ed Skrein,805
820,Romola Garai,805
960,Joan Allen,805
1757,Brian Lee Franklin,38
420,Armin Mueller-Stahl,294
1333,Darren Shahlavi,294
458,Richard Burgi,550
714,Samaire Armstrong,806
1245,Adrian Martinez,806
135,Phaldut Sharma,39
2057,Peter Robbins,39
692,Louise Bourgoin,295
1165,Gary Daniels,551
569,Kathleen Quinlan,551
448,Regina Hall,807
1665,Phoebe Legere,40
1598,Susan Hampshire,40
765,Nicki Aycox,296
2123,Kerry Bish̩,296
2092,Paul Schneider,552
1749,Beau Bridges,552
1115,Justin Chon,552
955,Kelsey Grammer,808
577,Rene Russo,808
891,Andrew Fiscella,137000
342,Emma Watson,9000
234,Charlize Theron,9000
1719,Paul McGill,41
608,Tim Meadows,553
709,Elizabeth McGovern,553
1724,Donna Murphy,553
1314,Alexia Fast,553
838,Romain Duris,809
1653,Tiffany Helm,42
1720,Siobhan Marshall,42
1252,Teryl Rothery,298
622,Richard E. Grant,554
750,Cara Delevingne,554
1811,Hiroshi Abe,43
1015,Lochlyn Munro,555
683,Saffron Burrows,811
454,Adam Garcia,811
140,Vincent Schiavelli,811
805,Yolande Moreau,44
472,Judith Chapman,44
1582,Shirley Jones,556
1051,Khandi Alexander,556
821,Bingbing Fan,556
583,Dylan Baker,812
872,Sela Ward,812
1127,Isabella Rossellini,812
2078,Jon Brion,45
800,Don McKellar,45
2122,Richard Jewell,45
1276,Jung-min Hwang,45
775,Justin Fletcher,45
1261,Daniella Alonso,557
1753,Jessy Schram,813
736,Rob McElhenney,813
218,Roy Scheider,813
914,Jiao Xu,46
1363,Deborah Mailman,46
1462,Glenn Campbell,46
889,Andy Dick,302
1881,Victor Rasuk,302
161,Eartha Kitt,558
2023,Mark Fantasia,814
1981,Angeliki Papoulia,47
731,Piper Laurie,303
654,Cory Hardrict,303
699,Aldis Hodge,559
1444,Robert Shaw,559
847,Bob Balaban,559
1964,Catriona MacColl,48
1918,Blanchard Ryan,48
1516,Collin Alfredo St. Dic,48
859,Kath Soucie,304
1931,Takashi Shimura,304
1553,Wanda Sykes,560
1340,Michael Stuhlbarg,816
1783,Geoffrey Arend,816
1027,Beverly D'Angelo,816
1254,Veronica Ferres,30000
1879,Jo Hartley,49
1676,Vernon Dobtcheff,50
1637,Patrick Huard,50
1118,Jelena Jovanova,306
1482,Dan Fogler,562
789,Marco Trevi̱o,562
626,Liam Aiken,818
524,Bruce Dinsmore,51
2106,Shannen Fields,51
429,Paul Brooke,51
1775,Long Nguyen,51
2094,Elissa Dowling,307
1235,Naseeruddin Shah,307
1756,Jay Mohr,563
1284,David Keith,563
246,Mia Farrow,563
2056,Joel Moody,52
1986,Daniel London,52
1626,Gerry Lopez,52
1161,Ye Liu,52
558,Sonia Braga,308
2006,Amir Talai,308
1195,Arjun Rampal,564
826,Manish Dayal,820
104,Kevin Rankin,820
102,Sam Shepard,820
1740,Ohad Knoller,53
1833,Josh Swanson,53
336,Jennifer Saunders,309
88,Essie Davis,309
1755,Paulette Goddard,309
1496,Fabian Bolin,309
1780,Betsy Palmer,309
864,Jon Seda,565
1144,Tom Hughes,565
450,Bradley Whitford,821
1992,Don Wallace,54
1922,Terry Funk,54
1758,Angela Sarafyan,310
354,Blair Brown,310
917,Peter Vaughan,310
904,Catherine Lough Haggquist,310
1448,Norbert Ferrer,55
1269,Catherine Hicks,311
1457,Raymond Burr,311
962,David Margulies,567
1162,Richard Coyle,567
735,Erick Avari,567
662,Mark Gatiss,567
942,Nia Vardalos,567
1227,Robert Picardo,823
1686,Ari Folman,56
1865,Alma Martinez,56
1639,Satish Kaushik,56
1412,Philippe Nahon,56
1370,Merab Ninidze,56
1889,Isaac C. Singleton Jr.,312
1493,Katherine McNamara,19000
39,Benedict Cumberbatch,19000
261,Tom Selleck,19000
60,Scarlett Johansson,19000
1858,Boyd Banks,57
384,Andrea Corr,57
2027,Kenneth Tobey,57
2104,Tjasa Ferme,313
1617,Megan Park,569
1102,Usher Raymond,569
2004,Keri Maletto,569
1065,Christopher Heyerdahl,825
1962,Greg Ayres,58
2054,Temple Grandin,58
1667,Maika Monroe,314
1464,Dave Legeno,570
742,Rip Torn,826
691,Steve Howey,826
999,Hal Holbrook,826
600,Mitch Pileggi,826
584,Scott Glenn,826
628,Nia Long,826
1965,Brendon Small,59
1475,Maria Conchita Alonso,571
1107,Chris Elliott,571
1550,Ricardo DarÌ_n,827
166,Frances Conroy,827
1362,Laura Morante,60
1155,David Richmond-Peck,60
1185,Phyllida Law,60
908,Isabelle Adjani,572
1055,Levon Helm,572
947,Peter Gallagher,828
1071,Maximilian Dirr,61
1313,Sean Lennon,61
542,John Gatins,61
1470,Julia Jentsch,61
1788,Alex Huszar,61
1759,Morgana O'Reilly,61
1281,Lars Mikkelsen,573
905,Cameron Bright,829
1991,Robert John Burke,318
1595,Kevin Pollak,574
2049,Robin Lord Taylor,574
2063,Mark Duplass,830
970,Ulrich Tukur,63
1255,Ingvar Eggert Sigur̡sson,63
713,Jacques Perrin,63
1736,Jean Arthur,319
1605,French Stewart,319
1890,Jean-Louis Trintignant,319
1544,Slim Pickens,575
1064,Nirut Sirichanya,64
2113,Maggie Cheung,576
706,David Lyons,576
291,Roxanne McKee,576
219,Julia Roberts,8000
1190,Shah Rukh Khan,8000
167,Will Ferrell,8000
854,Shailene Woodley,8000
188,Logan Lerman,8000
2,Johnny Depp,40000
1372,Florian Lukas,65
1052,Elizabeth Berrington,65
1630,Joe Cross,65
1379,Lisa Wilcox,321
1806,Christopher Abbott,321
326,Daniel von Bargen,577
779,Stephen Dillane,577
964,David Masterson,577
229,Elden Henson,577
700,Joe Lo Truglio,833
134,Noel Fisher,833
200,Greg Grunberg,833
2030,The Dalai Lama,66
728,Sharon Small,66
1943,Shaun Sipos,322
503,Joaquim de Almeida,578
1591,Kristy Swanson,578
1523,Rachel Griffiths,578
1782,Vic Mignogna,578
341,Ivana Milicevic,834
247,Pedro Armend�Áriz Jr.,67
1287,Jacinda Barrett,579
474,Imelda Staunton,579
191,Denis Leary,835
1765,Katrina Law,835
1247,Madison Pettis,835
324,Patrick Fugit,835
2011,Judy Marte,68
1198,Karin Viard,68
311,Pamela Reed,324
629,Kyle Hebert,324
1268,Riccardo Scamarcio,580
707,Vinessa Shaw,580
504,Pink,836
911,Damon Wayans,836
1139,Tammin Sursok,836
1923,Kirby Heyborne,69
424,David Jason,325
1121,Rae Dawn Chong,581
1421,Johanna Braddy,581
670,Yaphet Kotto,581
618,Olivier Martinez,837
1099,Jacek Koman,70
536,Mathieu Kassovitz,326
483,Jamel Debbouze,326
1029,Roger Allam,326
1696,Paul Kaye,326
263,Bai Ling,582
386,Julie Walters,838
1039,Christine Taylor,838
413,Olivier Martinez,838
1328,Sandrine Kiberlain,71
1574,Nancy O'Dell,71
1685,Sook-Yin Lee,71
814,Seymour Cassel,327
1845,Kenny Johnston,327
601,Ken Arnold,327
529,Stephen Rea,327
1492,Jimmy Shergill,327
645,Rob Riggle,839
1652,Richard Brooker,72
994,DeRay Davis,328
1926,Rachel True,328
766,Lily Atkinson,328
216,Amber Stevens West,584
1325,Joely Richardson,584
1477,Keith Carradine,584
292,Vincent Pastore,584
1691,Alanna Ubach,584
21,Leonardo DiCaprio,29000
827,Roma Downey,329
667,Faizon Love,585
1170,Wagner Moura,585
2124,Natalie Zea,841
434,Chris Klein,841
1478,Sara Forestier,74
1561,Thomas Bo Larsen,74
423,Sh̫ Kosugi,330
644,Joan Plowright,330
1645,Anthony 'Citric' Campos,586
1796,Redd Foxx,586
1455,Akshaye Khanna,75
1984,Simon Abkarian,75
1629,Brianna Brown,331
1463,Luis Tosar,331
2110,Zoe Lister-Jones,331
1912,Paula Garc̩s,587
1794,Errol Flynn,843
798,Cheech Marin,843
555,Blythe Auffarth,76
939,Luenell,332
738,Robert Pine,332
703,Julian Glover,844
1825,Cheech Marin,844
1021,Bruce Dern,844
290,Charlotte Rampling,844
951,Hulk Hogan,844
1125,Richard Johnson,77
1972,Anita Page,77
1485,Alex Kendrick,589
119,Tony Curran,845
1186,Sam Riley,845
1244,Jorge Luis Moreno,78
1640,Bill Maher,334
1838,Patrick Renna,590
1663,Walter Hendrix III,846
808,Siu-Wong Fan,79
1856,David Oakes,335
596,Brian Blessed,591
830,Carlos Ponce,591
201,Curtiss Cook,591
1506,Marlee Matlin,847
1771,Jessica Szohr,847
1957,Jack E. Curenton,847
380,Christopher Judge,847
1648,Jossara Jinaro,847
1445,Brendan Fehr,847
1896,Adam LeFevre,80
1082,Janet Jackson,592
1401,Wesley Jonathan,592
1395,Pruitt Taylor Vince,592
553,Austin Pendleton,592
1915,Kirk Cameron,848
305,Delroy Lindo,848
1396,Drew Waters,848
12,Kevin Spacey,18000
70,Gerard Butler,18000
64,Keanu Reeves,18000
1784,Zuhair Haddad,18000
157,Denzel Washington,18000
50,Robin Wright,18000
2021,John Gilbert,81
2016,Florence Henderson,337
988,Kevin Grevioux,593
395,Margot Kidder,593
680,Eddie Cibrian,849
468,Sam Waterston,849
937,Louis Koo,82
1767,Adriana Caselotti,82
788,Frank Finlay,338
2017,Victoria Jackson,338
948,Sally Hawkins,594
720,Louis Jourdan,594
1265,B�Árbara Mori,594
1471,Udo Kier,595
1048,Trevor Morgan,595
1911,Russell Wong,595
1563,Roddy McDowall,595
97,Jada Pinkett Smith,851
974,Takuya Kimura,84
1946,Mary Kate Wiles,84
1172,Zoe Ventoura,84
233,Quincy Jones,340
682,Grace Phipps,596
138,Tim Blake Nelson,596
151,Oprah Winfrey,852
631,Lin Shaye,852
1495,Nimrat Kaur,85
1677,Adriana Barraza,85
1484,MÌ_a Maestro,341
932,Nicole 'Snooki' Polizzi,341
1763,Ashanti,341
1743,Lew Temple,597
1504,Austin Pendleton,597
1929,Monica Calhoun,597
967,Julie Christie,597
1732,Matthew Alan,86
2126,John August,86
1930,David Mamet,342
438,P.J. Soles,598
557,D.B. Woodside,598
421,Mike Starr,854
339,Jim Belushi,854
792,Tom Berenger,854
1769,Zak Penn,87
1399,Jeanne Moreau,343
1461,Mike Figueroa,343
1013,Gretchen Mol,599
437,Michael O'Neill,599
1828,Shiri Appleby,855
497,Wes Studi,855
1956,Chris Eigeman,88
1577,Veronica Taylor,88
1624,Joanna Kulig,88
638,Illeana Douglas,344
918,Necar Zadegan,344
306,Sayed Badreya,600
896,Aisha Tyler,856
1827,Steven Yeun,7000
253,Steve Carell,7000
2116,K̫ji Yakusho,89
1539,Gladys Cooper,89
1897,Laura Fraser,601
1998,Dreama Walker,601
767,Nicholas Gonzalez,601
1056,Anna Silk,857
773,Connie Ray,90
1033,Rae'Ven Kelly,90
1854,́lex Angulo,90
893,Aasif Mandvi,346
1907,Stacy Keach,602
1353,Michael Wong,91
1138,Illeana Douglas,347
1237,Bashar Rahal,603
1446,Fran Drescher,859
1857,Magi Avila,92
1053,Larry David,860
866,Jeremy Shada,860
1963,Bill Farmer,93
1442,Lara Jill Miller,93
1130,Alex Veadov,93
2102,Franky G,93
1734,Ally Walker,349
2014,Dustin Fitzsimons,349
287,Talisa Soto,349
1434,Peter Serafinowicz,605
607,Rosanna Arquette,605
118,Ronny Cox,605
1814,Billy West,861
1009,Brittany Daniel,861
1305,Tina Gilton,861
1192,Henry Thomas,861
1026,Nicole Dionne,94
1787,Spring Byington,94
2001,Parry Shen,94
882,Janet Leigh,606
1509,Montgomery Clift,862
1034,Claude Rains,607
860,Lamman Rucker,607
527,Oliver Hudson,607
928,Eric Mendenhall,607
1839,Yul Vazquez,96
2033,William Joseph Elk III,96
851,Bam Margera,608
949,Christian Clemenson,97
1294,Padraic Delaney,97
493,Carmen Perez,97
1385,Antoni Corone,97
1951,Lawrence Gilliard Jr.,353
1695,Karisma Kapoor,353
1934,Haley Ramm,353
359,Josh Wingate,865
538,Omar Epps,865
845,Chris Harrison,98
1298,Eleanor Parker,354
1046,Yuri Lowenthal,354
1903,Ginger Rogers,610
254,Ariana Richards,610
980,Henry Ian Cusick,866
2087,Marcello Mastroianni,866
1354,Erin Fitzgerald,99
784,Chris Marquette,355
1505,Meg Foster,355
221,Larry Miller,611
925,David Arquette,611
1326,Molly Parker,611
257,Nicholas Lea,867
2009,Samantha Futerman,100
1813,James Drury,356
1820,Gaby Hoffmann,612
107,James D'Arcy,613
669,Carmen Electra,869
1831,Pel̩,102
722,Richard Wilson,358
1942,Mike Beckingham,358
1181,Luke Newberry,358
293,Max Minghella,614
274,Tim Conway,870
368,Nate Richert,870
1024,Chen Chang,103
1393,Noam Chomsky,103
1979,Jack Warden,359
1976,Michael Dudikoff,615
1632,Barack Obama,871
2002,Nicole Ari Parker,360
649,John Doman,616
37,Peter Capaldi,17000
51,Channing Tatum,17000
225,Kristen Stewart,17000
111,Jim Parsons,17000
54,Chlo�Ç Grace Moretz,17000
87,Robin Williams,49000
1615,Nehemiah Persoff,105
1961,Tony Doupe,361
1634,Patricia Neal,617
659,Kurt Fuller,617
392,James Mason,617
1521,Noah Emmerich,617
1954,Jennifer Lafleur,873
179,Michael Imperioli,873
915,Christian Clavier,106
1142,JÌ_rgen Prochnow,362
1669,James Mason,618
774,Aimee Garcia,618
349,Isaac Hempstead Wright,874
786,Sissy Spacek,874
485,Robert Clohessy,107
1303,Mackenzie Davis,363
1698,Brad William Henke,363
1849,Nicole Randall Johnson,363
1106,�Òscar Jaenada,619
1611,Greg Crowe,875
224,Ted Danson,875
1891,Raymond J. Barry,108
1967,Dov Tiefenbach,108
971,James Hetfield,364
689,Emily Watson,876
1058,Curtis Armstrong,876
920,Mani Bharathi,109
1868,Odessa Rae,109
1479,William Kircher,109
982,Kirk Fox,109
621,Tamsin Egerton,621
1583,Maximilian Schell,877
530,Jordi Moll�Ê,877
2044,Paul Hickert,110
1499,Art Hindle,110
340,James Babson,366
190,Will Forte,622
63,Tamsin Egerton,622
1356,Ben Browder,878
1154,Li Gong,878
1087,Monica Potter,878
2086,Paul Daniel Ayotte,111
172,Ben Gazzara,623
1520,Hector Kotsifakis,623
313,Caitlin Stasey,623
436,Lauren Holly,879
215,Li Gong,879
1405,Alice Krige,368
1450,Kim Dickens,624
480,Tony Cox,624
513,Johnny Cannizzaro,880
20,Naomi Watts,6000
852,Mackenzie Foy,6000
145,Eva Green,6000
455,Lucille Ball,6000
627,Terry Pheto,113
440,Nandita Das,113
1406,Stephen Macht,113
406,Lupe Ontiveros,625
1548,Joe Estevez,625
1562,Armando Riesco,625
338,Snoop Dogg,881
694,Konstantin Khabenskiy,114
1656,Saeed Jaffrey,114
2105,Kristen Seavey,370
239,Charlie Rowe,882
1043,William Hurt,882
1657,Rachel Skarsten,371
1207,Billy Drago,371
422,Amber Valletta,627
965,Tadanobu Asano,627
615,Archie Panjabi,883
1341,Irvin Kershner,883
372,Barry Corbin,883
25,Albert Finney,883
1037,Jessie T. Usher,116
1368,David Wayne,116
1344,Roy Billing,116
2072,Leon Isaac Kennedy,116
623,David Paymer,372
957,Jason Robards,372
1901,Richard Curtis,628
1721,Logan Browning,628
1542,Peter Graves,628
559,Beth Grant,628
543,Sarah Roemer,884
1659,J�ürgen Langhelle,117
396,Todd Giebenhain,117
1540,Alice Olivia Clarke,117
1327,Eric Johnson,373
1382,Hugh M. Hefner,373
1131,Shelley Duvall,629
1150,Doona Bae,629
427,Grey Damon,629
902,Chriss Anglin,885
927,Jeffrey Combs,885
2080,Michelle Simone Miller,118
1420,Abhishek Bachchan,374
1242,Kip Pardue,374
1241,Numan Acar,374
259,Adam Arkin,374
2107,Ashley Tramonte,630
127,Nathan Lane,886
1075,Fred Gwynne,886
277,Sanaa Lathan,886
1538,Fernanda Montenegro,119
1906,David Zucker,119
2013,James Urbaniak,119
1987,John Robinson,375
676,Warren Beatty,631
400,Alice Greczyn,631
1072,Samantha Morton,631
207,Shirley Henderson,887
587,Heather O'Rourke,887
2062,Christopher Denham,120
1671,Eric Sheffer Stevens,120
1661,Manuela Velasco,120
2051,Bebe Neuwirth,376
1560,Corbin Bleu,632
926,Scatman Crothers,888
4,Tom Hardy,27000
1702,Peter McQuinn,121
2121,Carlos Gallardo,121
1202,Lane Smith,633
1708,Mircea Monroe,633
1010,Bolo Yeung,633
362,Robert Forster,889
1459,Meghan Ory,889
1355,Debi Derryberry,122
1620,Iben Hjejle,122
1251,Damian Walshe-Howling,122
564,Mike Howard,378
1745,Scott Cohen,378
1112,Yuki Matsuzaki,378
1231,Scott Mechlowicz,634
1810,Benjamin A. Onyango,634
996,Tippi Hedren,634
1006,Ivana Baquero,634
1552,Ted Raimi,634
1402,Asin,634
69,Vivica A. Fox,890
1627,Karra Elejalde,123
611,Paul Sorvino,635
1733,Sarah Butler,635
18,Mark Addy,891
1095,Sebastian Koch,380
1795,Christie Burke,380
1980,Claudette Colbert,380
1394,Catherine Bell,636
1408,Paul Sorvino,636
1178,Steven Bauer,636
534,Carol Kane,636
1076,MarÌ_a Valverde,892
875,Jay Laga'aia,125
1501,Judith O'Dea,125
1633,Tom Atkins,381
1194,Antonia Thomas,381
1338,Kimberly Elise,637
1532,Eric Mabius,637
809,Minnie Driver,893
2073,Fay Masterson,126
1378,Ed Wynn,382
1510,Geraldine Chaplin,382
1292,Mary Elizabeth Mastrantonio,638
835,Rock Hudson,638
641,Frances Fisher,638
1735,Nawazuddin Siddiqui,638
28,Glenn Morshower,894
1642,Benno FÌ_rmann,127
146,Mahadeo Shivraj,383
867,Gunnar Hansen,383
701,Eddie Cahill,639
1197,Santiago Cabrera,639
1844,Scott Levy,639
1660,Michael Derek,128
6,Daryl Sabara,640
1608,Anthony L. Fernandez,640
1377,Katharine Ross,640
829,Denis O'Hare,896
19,Christopher Lee,16000
848,Ian Somerhalder,16000
33,Ryan Reynolds,16000
398,Quentin Tarantino,16000
42,Charlie Hunnam,16000
304,Clint Eastwood,16000
533,Bobbie Phillips,16000
1762,Monica Barladeanu,129
822,Drew Powell,129
1491,Oksana Akinshina,129
840,Ornella Muti,385
1549,John Mahoney,385
737,Ryan O'Neal,385
1949,Mike Stanley,385
1586,John Astin,641
973,Edgar RamÌ_rez,897
1578,Ed Lauter,897
590,Jodi Lyn O'Keefe,897
1821,Sheryl Crow,130
1104,Tuesday Knight,130
1613,Maeve Dermody,130
1840,Will Rothhaar,386
723,Phil Davis,386
1693,Jess Weixler,386
744,David Conrad,642
752,Kevin Nash,642
1966,Treat Williams,642
231,Vanessa Redgrave,898
1101,Jason Mewes,898
1494,Sid Caesar,898
276,Nicole Beharie,898
1361,Lubna Azabal,131
1867,Anamaria Marinca,131
5,Doug Walker,131
1567,Honor Blackman,387
508,Joe Don Baker,387
1793,Rich Ceraulo,387
1939,Carol Channing,387
1454,Andrew Wilson,387
1638,Joan Chen,643
1971,Walter Koenig,643
952,Bob Newhart,643
554,Tony Chiu Wai Leung,643
1108,Kathleen Turner,899
1690,Danny Aiello,388
1994,Trish Basinger,644
582,Natasha Henstridge,900
679,Sarah Polley,900
1300,Noah Huntley,133
1301,Jennifer Freeman,389
317,Verne Troyer,645
1182,Patricia Tallman,901
1428,William Schallert,901
302,Judge Reinhold,901
401,Matt Price,134
1887,Taylor Pigeon,134
953,Collette Wolfe,390
831,Jack Reynor,390
879,Samira Wiley,646
1229,Eric Stoltz,902
780,Frank Langella,902
2015,Eme Ikwuakor,135
1397,Debbie Harry,391
1728,George Newbern,647
282,Frank Langella,903
1060,Brigitte Helm,136
2101,Stacy Edwards,136
1272,Don Ameche,392
71,Nick Stahl,648
1500,Julian Richings,648
771,Ari Graynor,904
498,Bokeem Woodbine,904
213,Bob Hoskins,5000
461,Jim Sturgess,5000
16,Aidan Turner,5000
137,Stephen Amell,5000
55,Jet Li,5000
181,Orlando Bloom,5000
284,Theo James,5000
1418,Campbell Scott,393
1751,Ward G. Smith,393
640,Ken Howard,649
463,John de Lancie,905
2085,Shari Albert,138
2037,Susan Chambers,138
325,Izabella Scorupco,394
285,James Martin Kelly,394
310,Melina Kanakaredes,394
993,Lou Taylor Pucci,394
1808,Ursula Andress,650
476,Debra Messing,650
348,Tate Donovan,650
136,Jamie Ren̩e Smith,650
897,Scott Baio,650
268,Mhairi Calvey,906
1249,Drew Fuller,906
888,Thomas Lennon,651
1214,Reba McEntire,651
1738,Shawnee Smith,651
597,Cicely Tyson,907
1712,Buster Keaton,907
1953,John Karyus,907
1585,Seamus Davey-Fitzpatrick,140
592,Emilia Fox,396
1935,Tori Spelling,396
1604,John Savage,652
804,Scout Taylor-Compton,908
1012,Gustaf Skarsg̴rd,908
1559,Murray Bartlett,141
1830,Alex Gibney,141
870,Peter Firth,141
1725,Hansika Motwani,141
1414,Anupam Kher,397
1386,Rachel Alig,397
886,Leah Remini,909
1270,Michael Moore,909
371,Robert Baker,142
1188,Nora Dunn,142
2076,Sheldon Leonard,142
2053,Marilyn Rising,142
1258,Kang-ho Song,398
936,Tony Nappo,654
1134,George C. Scott,654
969,Poppy Montgomery,654
2074,Kevin P. Farley,143
1164,Jacob Vargas,399
1925,Rachel Dratch,399
1423,Eugenio Derbez,399
1530,Robin McLeavy,399
753,Bruce McGill,655
1216,Wendi McLendon-Covey,655
1005,Jennifer Esposito,911
1226,Flavio Parenti,144
1869,Sarah Kazemy,144
171,Francesca Capaldi,144
1315,Ian Tracey,144
790,Victor Wong,400
1999,Aunjanue Ellis,400
1103,Sean Patrick Thomas,656
815,Judith Barsi,912
1675,Michael Greyeyes,912
1543,Ta'Rhonda Jones,912
985,Virginia Madsen,912
258,Loretta Devine,912
9,Chris Hemsworth,26000
36,Jason Statham,26000
405,Kathleen Freeman,145
1861,Justin Baldoni,657
460,Virginia Madsen,913
1267,Topol,402
1228,Peter Fonda,402
335,Estella Warren,658
1184,Michael McKean,658
2109,Paul Ogola,147
686,�Òlafur Darri �Òlafsson,147
1248,Nicholas Hamilton,147
1812,Fernanda Andrade,403
916,Marco St. John,403
1109,Jenny Agutter,659
1928,Edie Falco,659
1262,Carmen Maura,148
412,Scoot McNairy,660
164,Jake Busey,660
1357,Gordon Pinsent,149
1093,Lesley Manville,149
1110,Elina Alminas,149
1096,Woo-sung Jung,149
1715,Paul McGillion,405
518,Miriam Margolyes,405
473,Augustus Prew,405
1187,John Cassavetes,917
1443,Marie-Jos̩e Croze,150
832,Radivoje Bukvic,150
1824,Trey Parker,406
82,Zack Ward,662
1945,Jennifer Hale,918
637,Brandon T. Jackson,918
749,Katharine Isabelle,918
1057,Thomas Kretschmann,918
1211,Julia Ormond,918
2111,Sean Whalen,407
1917,Frances Bavier,407
672,Brian Thompson,663
972,Austin Nichols,663
205,William Smith,919
443,Rosie Perez,919
1042,Jeff Kober,919
262,Julia Ormond,919
548,Arliss Howard,152
1145,Nate Parker,664
705,Mia Sara,664
121,Michael Gough,920
938,Craig Roberts,920
414,Alex Pettyfer,15000
1358,Rex Baker,15000
34,Tom Hanks,15000
376,Mila Kunis,15000
17,Emma Stone,15000
41,Jake Gyllenhaal,15000
11,Henry Cavill,15000
223,Wood Harris,409
1983,Kimberly J. Brown,409
1193,Ricky Schroder,665
95,Elisabeth Harnois,921
410,Fann Wong,154
1307,Nick Wechsler,666
1449,Cassandra Peterson,922
479,Fisher Stevens,922
1490,Simon Yam,155
1080,Amy Bruni,155
954,Nicholas Rowe,155
1437,Sterling Jerins,155
977,Vanessa Ferlito,923
1996,Michael Des Barres,156
1094,Mathieu Amalric,412
1801,Sean Cameron Michael,412
1664,James Ransone,412
1074,Anil Kapoor,668
1283,Dee Bradley Baker,668
487,Martin Kove,668
2010,Nolan Gerard Funk,924
447,Jonathan Winters,924
1711,Jon Mack,924
671,Jessica Barden,157
1546,Colleen Dewhurst,157
1089,Emmanuelle Seigner,413
1703,Daniel Baldwin,413
1317,Stephen McHattie,413
1380,Tisha Campbell-Martin,413
632,Laura Harring,669
144,George Peppard,669
1028,Jackson Nicoll,925
1031,Clayton Snyder,925
162,Catherine O'Hara,925
1623,Judie Aronson,158
979,Cassie Ventura,158
1537,Kayvan Novak,414
846,Elaine Hendrix,670
214,F. Murray Abraham,670
379,David Carradine,926
1944,Manny Perez,159
1880,Allison Dean,159
1091,Melissa Sagemiller,159
799,Donald Faison,927
1699,Jordi Vilasuso,160
1710,Kate Maberly,416
1773,Karl Malden,416
411,Bernard Hill,416
2077,Claire Gordon-Harper,416
217,Raymond Cruz,672
112,Salma Hayek,4000
212,Jon Favreau,4000
222,Sarah Michelle Gellar,4000
1032,Jordana Brewster,4000
1204,Lauren Cohan,4000
565,Hayden Christensen,4000
65,Jon Hamm,4000
397,Kirsten Dunst,4000
502,Krista Allen,164000
1746,Matthew Ziff,260000
1716,Khalid Abdalla,161
148,Jason Patric,673
1209,David Zayas,929
1876,Lorraine Stanley,418
2029,Mae West,418
1704,Alice Cooper,674
1587,Angus Scrimm,674
1319,Leehom Wang,163
1398,Yorick van Wageningen,163
250,Sariann Monaco,163
1518,Peter McNamara,419
323,Jill Hennessy,419
1647,Esther Williams,675
777,Tyler James Williams,931
1607,Ann-Margret,931
1084,Linda Blair,931
378,Erika Christensen,931
556,Sarah Silverman,931
467,Pierre Perrier,164
1515,Stephanie Leonidas,420
1654,Brian Austin Green,676
633,Ryan Kruger,165
1741,Annabelle Wallis,421
404,Rob Paulsen,677
1859,Angelina Armani,677
264,Connie Nielsen,933
923,Mary McDonnell,933
1531,Kristen Quintrall,166
1019,Steven Van Zandt,422
711,Talulah Riley,422
1818,W. Earl Brown,422
635,Ana de la Reguera,678
1240,Isabelle Huppert,678
441,Charlie Korsmo,678
1030,Frankie Muniz,934
1415,Kim Shaw,934
755,Mary Lynn Rajskub,934
1919,Woody Strode,423
1092,Seth Gilliam,423
1279,Q'orianka Kilcher,679
1892,Luke Grimes,935
1432,Kane Hodder,935
1688,John F. Kennedy,168
206,Paddy Considine,680
673,Debi Mazar,680
990,T.I.,680
1713,Trenton Rostedt,680
849,Dean Stockwell,936
1754,Joel David Moore,936
133,Alain Delon,936
280,Jeremy Irvine,25000
10,Alan Rickman,25000
1968,R. Brandon Johnson,169
1179,Louise Fletcher,425
147,Jacob Tremblay,681
877,Kevin Sussman,681
1383,Francis Capra,937
1120,Dameon Clarke,170
1904,Heather Donahue,170
1556,Diahann Carroll,426
409,Dylan Walsh,426
1882,Louise Brooks,426
1571,Clu Gulager,426
1643,Leonor Varela,426
1388,William Holden,682
1874,James Wolk,938
989,Morgan Saylor,427
459,Kevin McNally,427
1224,Dylan Moran,427
1742,Dustin Ingram,427
521,James Wilcox,683
1175,Lauren German,683
478,Robert Davi,683
899,Sammy Davis Jr.,683
1116,Burt Young,683
389,Stephen Root,939
1008,Mo'Nique,939
1189,John Howard,172
791,Dany Boon,172
560,Mo'Nique,940
270,Martin Landau,940
702,Shun Oguri,173
1670,Alicia Goranson,173
1391,Benǫt Magimel,173
1940,Vincent Chimato,685
1706,Steven Weber,685
1995,Tatyana Ali,685
573,Blair Underwood,685
794,Kyra Sedgwick,941
1554,Elpidia Carrillo,174
796,Brian Bosworth,174
1282,Harrison Gilbertson,174
426,J.D. Evermore,430
668,Danny Huston,430
1551,Gideon Emery,430
1160,David Hewlett,686
1572,Rhys Wakefield,942
1011,Bill Bailey,175
1373,Linnea Quigley,431
2022,Matthew Emerick,431
1528,Jean Harlow,431
484,Julian Sands,687
708,Zo�Ç Kravitz,943
1213,Steve Oedekerk,176
517,Bobby Lee,176
1460,Ocean James,432
117,Miguel Ferrer,688
574,Stockard Channing,944
142,Kate Winslet,14000
23,Liam Neeson,14000
163,Josh Hutcherson,14000
72,Bradley Cooper,14000
175,Milla Jovovich,14000
211,Al Pacino,14000
128,Vin Diesel,14000
299,Colin Firth,14000
321,Craig Stark,46000
1359,Heike Makatsch,177
1274,Ronn Moss,177
316,Michael Smiley,177
1148,Jill Clayburgh,433
500,Sally Kirkland,433
334,Misha Gabriel Hamilton,433
1603,Tom Everett Scott,433
797,Tanya Roberts,433
1866,Justin Kirk,945
1519,Lauren Ambrose,945
2034,Matisyahu,178
2043,Elaine Bromka,178
1687,Noah Danby,178
1802,Chris Gauthier,434
1310,Christopher Nicholas Smith,434
1672,Ben Davies,690
1114,Michael Nyqvist,690
991,Thomas F. Wilson,690
614,Marley Shelton,690
1517,Kylie Minogue,690
129,Scott Porter,690
956,Alan Ruck,946
1070,Bruce Payne,179
1367,Greg Germann,435
883,Mako,691
199,Marsha Thomason,691
1568,Sarah Gadon,691
581,Michael Angarano,947
570,Bernie Casey,180
1744,William Baldwin,436
355,Cedric the Entertainer,436
1970,Lillian Gish,436
825,Louis Lombardi,436
599,Frank Whaley,436
944,Jeffrey Jones,692
273,Rupert Everett,692
934,Katrina Bowden,948
1163,Rachael Carpani,181
793,John Doe,181
419,Louis Lombardi,437
182,Michael Jeter,693
1285,Jane Fonda,949
1570,Sprague Grayden,438
1851,Oliver Reed,694
609,Gregory Smith,694
1541,Brenda Vaccaro,183
1815,James Brown,183
1257,Jimi Mistry,183
1250,Jim Carter,439
1594,Robyn Lively,439
617,Oliver Reed,695
1616,Margaret Hamilton,695
762,Heather Locklear,695
2091,Jan Haley,695
758,Chelan Simmons,440
1296,Peter Ustinov,440
1969,Liv Ullmann,440
1862,Monique Candelaria,696
664,Mehcad Brooks,696
154,Djimon Hounsou,3000
81,Jennifer Garner,3000
203,Don Cheadle,3000
1347,Ezra Miller,3000
375,Alyson Hannigan,3000
78,Justin Timberlake,3000
296,Rufus Sewell,3000
96,Ty Burrell,3000
241,Brendan Fraser,3000
170,Rosario Dawson,3000
516,Macaulay Culkin,3000
1293,Katrina Kaif,3000
79,Dominic Cooper,3000
192,Adam Scott,3000
198,Haley Joel Osment,3000
431,Julie Benz,3000
876,Leighton Meester,3000
227,Robert Duvall,3000
1153,Mia Wasikowska,3000
630,Ryan Guzman,3000
300,Rami Malek,3000
265,Christopher Meloni,3000
1764,Brighton Sharbino,3000
756,Bailee Madison,3000
489,Tom Welling,3000
643,George Kennedy,3000
24,Bryce Dallas Howard,3000
226,Seth MacFarlane,3000
329,Carol Ann Susi,3000
196,Bella Thorne,35000
1280,Jacqueline McKenzie,185
1097,John Heard,697
1077,Doug E. Doug,953
726,America Ferrera,953
1278,Lambert Wilson,186
1324,Fran̤oise Yip,186
1320,Celia Imrie,186
746,Paul Hogan,442
1847,Ilene Graff,442
653,Hope Davis,442
510,Brian Dennehy,954
1389,Lesley-Anne Down,187
1263,John Vernon,187
1273,Kristin Lehman,187
1050,David Ogden Stiers,443
279,David Hyde Pierce,443
1625,Rupert Graves,443
913,Esai Morales,699
828,Sophia Myles,955
697,Lisa Edelstein,955
1483,Dana Andrews,188
976,Ernie Reyes Jr.,444
1779,Noureen DeWulf,700
499,Jason Alexander,700
1035,Tony Goldwyn,956
1902,Leven Rambin,956
390,Sophia Myles,956
1958,Micah Sloat,189
1692,Matt Bennett,189
1731,James Duval,701
101,John Michael Higgins,957
561,Wilford Brimley,957
593,Keisha Castle-Hughes,446
1842,Nora Zehetner,446
1596,William Morgan Sheppard,702
1275,Emma Bell,702
1641,Dustin Lance Black,191
189,Mei Melan̤on,191
1612,C̩cile De France,447
522,Emma Bell,703
202,Alun Armstrong,192
1059,Thomas Stroppel,192
685,Annabella Sciorra,448
1799,Terry Kiser,448
781,Laura Ramsey,960
1183,Jaime King,960
1649,Agnes Moorehead,960
275,Lili Taylor,960
7,J.K. Simmons,24000
1038,Kim Director,193
1302,James Kyson,449
403,Jaime King,961
1083,Mike Epps,706
1156,Eamonn Walker,706
802,Zoe Kazan,962
1088,Thomas McDonell,962
1592,Greta Gerwig,962
176,Chris Noth,962
855,Leonard Roberts,962
1547,Bernard Cribbins,195
2069,Hal Landon Jr.,195
13,Giancarlo Giannini,451
1503,Molly C. Quinn,707
1807,Shelley Hennig,707
693,Paz Vega,963
787,Chris Zylka,963
1126,Catherine Deneuve,963
315,Michael Kelly,963
1978,Tom E. Nicholson,196
2061,J.D. Williams,196
1921,Ken Burns,196
1137,Talia Shire,452
1308,Stephen Collins,452
1146,Gary Weeks,452
507,Rudy Youngblood,708
1465,Teri Polo,708
1295,Ranbir Kapoor,964
528,Catherine Deneuve,964
1458,Judith Anderson,197
984,Jeremy Brett,453
272,Rory Culkin,710
1989,Jean-Paul Belmondo,710
294,Jenna Fischer,966
344,Romany Malco,966
1761,Nicole Mu̱oz,199
1852,Russell Hodgkinson,199
665,Edgar Arreola,455
58,Jeanne Tripplehorn,711
844,Jason London,711
318,Wayne Knight,967
778,Dianne Wiest,967
2052,Glen Hansard,200
966,Barry Bostwick,456
1079,Caroline Munro,456
961,Yaya DaCosta,712
361,Clifton Collins Jr.,968
1473,Alex Rocco,968
2031,Michael Joiner,77000
1122,Gabriel Millman,13000
387,Eddie Redmayne,13000
110,Matt Damon,13000
100,Bruce Willis,13000
141,Heath Ledger,13000
193,Bill Murray,13000
126,Michael Fassbender,13000
238,Sylvester Stallone,13000
425,Muse Watson,45000
1723,Dami�Án Alc�Ázar,201
1606,Everett McGill,201
818,Tom Burke,201
1631,Essence Atkins,713
759,Blythe Danner,713
894,Taylor Cole,969
589,Ashley Williams,969
1166,Miko Hughes,969
1836,Lena Dunham,969
1817,Juliet Stevenson,202
1853,Maureen McCormick,458
1000,Danny Strong,714
452,Bill Cobbs,970
369,Jon Heder,970
1941,Emma Caulfield,970
837,Gary Lewis,203
1684,Stephen Colbert,459
1409,Alexis Dziena,715
992,Ava Gardner,715
1133,Dax Flame,971
655,Zach Gilford,971
663,Kate Upton,971
651,Elizabeth Daily,971
900,Martin Dew,204
1512,Roscoe Lee Browne,204
1025,Bex Taylor-Klaus,460
772,Jere Burns,460
1220,Sophie Okonedo,460
639,Callum Rennie,716
1427,James Lafferty,972
430,Mia Kirshner,972
1297,Necati Sasmaz,205
1430,John Beasley,205
576,Mike Tyson,461
1893,Dichen Lachman,717
1128,Min-sik Choi,717
364,Marc Blucas,973
678,Rainn Wilson,973
1447,Claudia Cardinale,973
1345,Michael J. Pollard,206
2067,Richard Moll,206
1425,Burt Kwouk,462
776,Claudia Christian,462
2112,Divine,462
1085,Lily Tomlin,718
29,Bingbing Li,974
568,Yuliya Snigir,463
1722,Caleb Landry Jones,463
255,Jerry Stiller,719
834,Zachary Gordon,975
646,Alicia Witt,975
68,Jack McBrayer,975
312,Michael Rapaport,975
1419,Teresa Wright,208
1497,Vidya Balan,464
874,Kay Panabaker,720
520,Michael Wincott,720
2108,Robbie Barnes,720
537,Mary-Kate Olsen,976
178,Hayley Atwell,2000
322,Eric Dane,2000
950,Christian Monzon,2000
174,Ioan Gruffudd,2000
519,Alison Brie,2000
657,Tina Fey,2000
880,Sheryl Lee,2000
501,Matthew Perry,2000
751,Mike Vogel,2000
92,Matthew Broderick,2000
113,Toby Jones,2000
235,Michael Emerson,2000
281,Michael Biehn,2000
288,Ron Howard,2000
327,Natascha McElhone,2000
842,Hunter Parrish,2000
66,Judy Greer,2000
1727,Humphrey Bogart,2000
666,Alyson Stoner,2000
718,Matt Smith,2000
610,Michiel Huisman,2000
940,Linda Cardellini,2000
45,Kelly Macdonald,2000
307,Quvenzhan̩ Wallis,2000
356,Bojana Novakovic,2000
194,Ming-Na Wen,2000
494,Beau Mirchoff,2000
613,Kevin Zegers,2000
289,Lea Michele,2000
177,Frank Welker,2000
125,Demi Moore,2000
509,Topher Grace,2000
165,Abbie Cornish,2000
333,Billy Burke,2000
550,Adam Baldwin,2000
1348,Samantha Barks,2000
688,Emir Kusturica,2000
367,Odeya Rush,2000
506,Michael Jai White,2000
462,Alexa PenaVega,2000
1208,Jurnee Smollett-Bell,2000
1271,Noel Gugliemi,2000
616,Ruth Wilson,2000
158,Jamie Lee Curtis,2000
853,Miranda Cosgrove,2000
496,Olivia Munn,2000
648,Sharlto Copley,2000
185,Dennis Quaid,2000
910,Donny Boaz,2000
38,Jennifer Lawrence,34000
1709,Sunil Narkar,34000
606,Alex Russell,465
1899,Hill Harper,465
1872,John Enos III,465
998,Julianna Guill,465
1390,Michael Berryman,721
816,Tasha Smith,721
1513,Michael Wincott,721
1113,Don Rickles,721
1312,Faye Dunaway,977
1900,Trey Loney,977
1651,Nicole Smolen,210
1752,Paul Guilfoyle,210
1776,James Morrison,210
959,Rebecca Budig,210
2000,Hector Echavarria,466
1947,Carrie Bradstreet,466
360,Sean Pertwee,722
1451,Dana Delany,722
636,Matt Lucas,722
586,Craig Parker,978
863,Violante Placido,978
531,Mira Sorvino,978
402,Kasia Smutniak,211
1152,Toni Servillo,211
1729,Kimberley Crossman,467
1073,Sharon Leal,467
2071,Robert Townsend,467
465,Costas Mandylor,723
475,John Witherspoon,723
941,Craig T. Nelson,723
150,Chazz Palminteri,979
40,Eddie Marsan,979
477,Bono,468
1835,Emraan Hashmi,724
1927,Sasha Alexander,980
770,Joseph Cotten,469
2095,Ringo Starr,725
1323,Scott Takeda,981
237,Bruce Greenwood,981
1886,Corbin Allred,214
1860,Jason K. Wixom,214
997,Brenda Fricker,214
1973,America Olivo,470
1201,Richard Burton,726
857,John Amos,982
1472,Katy Mixon,982
108,Don Johnson,982
552,Ethan Embry,982
1168,Wei Tang,215
2035,Marri Savinar,471
1045,Jason Priestley,471
1309,Alexandra Maria Lara,471
2007,Marshal Hilton,471
1452,Alia Shawkat,727
945,Raoul Bova,727
1610,Olivia Rose Keegan,216
1952,Luis Sanchez,472
1589,Callie Thorne,472
1381,Sammo Kam-Bo Hung,472
1747,Norman Lloyd,472
514,Lorraine Bracco,472
1044,Kelly Carlson,472
605,Jim Gaffigan,472
2028,Hugh Keays-Byrne,728
488,Bruce Greenwood,984
432,Ian Ziering,984
1768,Brigitte Bardot,984
1850,Randy Wayne,984
56,Jimmy Bennett,87000
35,Christian Bale,23000
59,Joseph Gordon-Levitt,23000
75,Paul Walker,23000
1299,Marshall Bell,217
1705,Paul Sheehan,473
801,Dallas Barnett,473
684,Ian Whyte,473
921,Joey D. Vieira,729
1343,Indira Varma,729
1440,Fred Willard,729
785,Martin Starr,985
547,Tamannaah Bhatia,218
810,Gerry Bednob,218
1351,Lynn Cohen,474
594,Robert Ri'chard,730
1369,Leon,730
91,Kelli Garner,730
103,Matt Frewer,986
1511,Ashley Rickards,986
469,Daniel Kaluuya,219
929,Kari J. Kramer,731
710,Bianca Kajlich,731
1576,Linda Harrison,220
1210,Tina Desai,220
2068,Pfeifer Brown,220
343,Bianca Kajlich,732
1141,Common,988
332,Ki Hong Lee,988
1119,Steve Irwin,477
1054,Matthew Settle,477
1718,Lauren Gottlieb,733
1140,Nat Wolff,733
625,Tiago Riani,989
283,Gary Cole,989
968,Bruce Greenwood,989
1581,Common,989
1238,Wei Zhao,478
895,Quinton Aaron,734
486,Joel McHale,734
2066,Jason Stuart,990
1236,Bruce Greenwood,990
1527,Saad Siddiqui,223
1068,Anna Friel,735
1689,Bruce Greenwood,991
884,Radha Mitchell,991
1855,Katie Aselton,224
143,James Corden,480
1679,Tyrone Power,480
1666,Carroll O'Connor,480
490,Jerry Ferrara,480
1522,Anna Friel,736
1288,Mariah Carey,736
417,Radha Mitchell,992
331,Taylor Lautner,12000
83,Anthony Hopkins,12000
31,Jeff Bridges,12000
139,Dwayne Johnson,12000
77,Nicolas Cage,12000
393,Norman Reedus,12000
27,Steve Buscemi,12000
195,Leonard Nimoy,12000
30,Tim Holmes,44000
1334,Michael Nouri,225
1618,Teri Garr,481
391,Denis Lavant,226
983,Fionnula Flanagan,482
1196,Jon Gries,482
715,Scott Grimes,738
811,Lena Horne,738
1135,Steven Mackintosh,227
1349,Nathalie Fay,227
1739,Yasmine Al Massri,227
1001,Bruno Kirby,227
919,Andy Lau,483
298,Hector Elizondo,995
1304,Brian Doyle-Murray,484
567,Laura-Leigh,740
1453,Liza Minnelli,740
1003,B̩r̩nice Bejo,996
1400,Simon Bird,229
1253,Shane Pollard,485
381,Xander Berkeley,485
873,Johnny Lewis,741
1469,Mikal Vega,741
901,Chris Brown,997
1507,Ellar Coltrane,230
922,Moritz Bleibtreu,486
813,Donald Pleasence,742
761,Kelly Preston,742
1441,Gary Cooper,998
46,Sofia Boutella,998
1960,Emily Rios,231
1602,Neil Hopkins,231
1601,Matt Cohen,487
240,Richard Tyson,743
366,Kelly Preston,743
1481,Royal Dano,232
1020,David Alpay,232
1411,Jean-Pierre L̩aud,232
1778,Maury Chaykin,232
1502,Gloria Grahame,232
1569,Donna Reed,488
1332,George Coe,488
1018,Paz de la Huerta,488
912,William Hootkins,488
1950,Patrick Kilpatrick,488
764,Dave Chappelle,744
52,Jim Broadbent,1000
301,Goran Visnjic,1000
442,Mark Margolis,1000
1206,Laila Haley,1000
232,Elizabeth Montgomery,1000
385,Tom Wilkinson,1000
53,Amy Poehler,1000
85,Janeane Garofalo,1000
727,Dolly Parton,1000
1256,Sendhil Ramamurthy,1000
1435,Jessica Lowndes,1000
1600,Johnny Pacar,1000
32,Joe Mantegna,1000
724,Ellen Burstyn,1000
903,Kevin Alejandro,1000
433,Alden Ehrenreich,1000
481,Omar Sy,1000
1123,Julian Morris,1000
1707,Rita Hayworth,1000
308,Lea Thompson,1000
924,Dan Byrd,1000
256,Harold Perrineau,1000
740,Daniel Roebuck,1000
1289,Abigail Spencer,1000
470,Clea DuVall,1000
1036,Jack Davenport,1000
1246,Stephanie Szostak,1000
1322,Spencer Wilding,1000
330,Dorian Missick,1000
464,Malese Jow,1000
512,Busy Philipps,1000
1588,John Abraham,1000
89,Josh Gad,1000
248,David Oyelowo,1000
539,Justin Theroux,1000
1069,Birgitte Hjort S�ürensen,1000
1337,Sid Haig,1000
1877,Tommy O'Reilly,1000
451,Natasha Lyonne,1000
656,Josh Charles,1000
717,Dominic Flores,1000
843,Omari Hardwick,1000
122,Clint Howard,1000
251,Steve Coogan,1000
482,Mekhi Phifer,1000
878,Kurtwood Smith,1000
1371,Emily Podleski,1000
1635,David Jason Perez,1000
286,LL Cool J,1000
328,Anjelica Huston,1000
456,Dania Ramirez,1000
515,Sam Trammell,1000
1219,Jasper Cole,1000
650,Emily Osment,1000
1573,Danielle Kotch,1000
1772,Burgess Meredith,1000
491,Javier Botet,1000
660,Brenda Song,1000
347,Gary Dourdan,1000
642,Alice Braga,1000
1467,David Huddleston,1000
906,Landon Liboiron,1000
1132,Britney Spears,1000
1311,Cameron Monaghan,1000
1488,Rich Pecci,1000
230,Roger Rees,1000
407,Joel Courtney,1000
532,Dane Cook,1000
588,Danneel Ackles,1000
943,Shane Black,1000
1007,Leslie Bibb,1000
160,Vanessa Williams,1000
526,50 Cent,1000
850,Angus T. Jones,1000
1173,Corbin Bernsen,1000
1200,Boris Kodjoe,1000
545,Jennifer Jason Leigh,1000
1117,John Boyega,1000
350,Eileen Brennan,1000
353,Steven Anthony Lawrence,1000
373,Jesse McCartney,1000
661,Patrick Macnee,1000
1212,Ben Feldman,1000
963,Ian McDiarmid,1000
1086,Peter Mensah,1000
1177,Madeline Kahn,1000
408,Bill Duke,1000
428,Christina Milian,1000
1002,Ethan Suplee,1000
546,Jay Hernandez,1000
244,Adam Goldberg,1000
987,Emmanuelle Vaugier,1000
1375,Olivia Newton-John,1000
1803,Iko Uwais,1000
1,CCH Pounder,1000
1466,James Frain,1000
1480,Brooke Shields,1000
1673,Hedy Lamarr,1000
435,Tobias Menzies,1000
1221,Michaela Conlin,1000
1067,Stephen Graham,1000
1222,Daniel Sharman,1000
471,Mel Blanc,1000
505,Lisa Ann Walter,1000
563,Tom Skerritt,1000
604,Shannon Elizabeth,1000
1014,Farrah Fawcett,1000
1016,Alison Lohman,1000
168,Ray Winstone,1000
228,Tia Carrere,1000
252,Jason Flemyng,1000
612,Mireille Enos,1000
725,John Belushi,1000
180,Alexander Gould,1000
370,Taylor Negron,1000
674,Devin Ratray,1000
890,Ronald Reagan,1000
1049,Oliver James,1000
267,Raven-Symon̩,1000
1789,Jason Marsden,1000
975,Greg Nicotero,1000
1041,Kieran Culkin,1000
47,John Ratzenberger,1000
155,Cary-Hiroyuki Tagawa,1000
186,Holly Hunter,1000
716,Mara Wilson,1000
823,Joan Rivers,1000
1514,Anna Gunn,1000
187,Christopher Masterson,1000
382,Madeline Carroll,1000
603,Alona Tal,1000
1335,Sullivan Stapleton,1000
602,Drake Bell,1000
49,Oliver Platt,1000
115,Alfre Woodard,1000
278,LeVar Burton,1000
399,Jennifer Ehle,1000
446,Laurence Olivier,1000
946,Kristin Scott Thomas,1000
1062,Qi Shu,1000
86,Bernie Mac,1000
93,Seychelle Gabriel,1000
743,Christopher Lambert,1000
1232,Gillian White,1000
986,Chris Moss,33000
351,Ryan Gosling,33000
1264,Jizelle Jade,33000
681,Jessica Par̩,489
690,Dong-gun Jang,489
1593,Eddie Griffin,489
1668,Vernon Wells,745
260,Ayelet Zurer,745
861,Billy Crudup,745
269,Albert Brooks,745
90,Steve Bastoni,234
169,Jamie Kennedy,490
1124,David Niven,490
418,Matt Walsh,490
1646,Simon Merrells,490
1439,Gina Lollobrigida,746
572,Rick Yune,746
1424,Matt Shively,235
1022,Carole Bouquet,235
1843,Frances Bay,491
730,Jackie Gleason,491
549,Colin Ferguson,747
2042,John Newton,236
2019,Noah Segan,236
1429,Tony Bonner,492
580,Amy Schumer,492
732,Harry Lennix,748
739,Sarah Carter,748
1474,Bill Johnson,237
457,Demi�Án Bichir,749
1658,Myrna Loy,749
1662,Travis Myers,749
2079,Jack McGee,238
1199,Deborah Kara Unger,494
1933,Monique Gabriela Curnen,239
416,Deborah Kara Unger,495
833,Amanda Detmer,240
1360,Glenn Plummer,240
1590,Peter Ostrum,240
571,Charlie McDermott,496
153,Del Zamora,752
1898,Irene Bedard,752
14,Peter Dinklage,22000
159,Robert De Niro,22000
94,Philip Seymour Hoffman,22000
1004,Clive Russell,241
712,Philip Baker Hall,497
1225,Bernadette Peters,753
2055,Alan Brent,498
1797,Seregon O'Dassey,498
1366,Angie Dickinson,754
1230,Cliff Robertson,754
544,James Brolin,499
1023,Dustin Milligan,499
1837,Harvey Fierstein,499
551,Takeshi Kaneshiro,755
1171,Lucas Grabeel,755
647,Desmond Llewelyn,244
1387,Chelcie Ross,244
930,Taran Killam,500
1565,Lee Marvin,756
1770,Camren Bicondova,756
67,Damon Wayans Jr.,756
1350,Geoff Stults,756
1823,Sonja Sohn,245
1766,Timothy Hutton,501
696,Amanda Schull,757
1339,Bernard Fox,246
1321,Mckenna Grace,502
2059,Lisa Ann,502
1993,Lalaine,502
1885,Shane Dawson,247
1376,Osama bin Laden,503
1017,Charles Napier,503
1534,Hattie McDaniel,503
675,Craig Ferguson,759
1129,Sean Young,759
865,Diedrich Bader,759
698,Dick Clark,504
1622,Spencer Tracy,760
149,Sean Hayes,760
105,Chris Evans,11000
114,Daniel Radcliffe,11000
173,Jon Lovitz,11000
3,Christoph Waltz,11000
204,Anne Hathaway,11000
61,Angelina Jolie Pitt,11000
1714,Melissa Bolona,11000
337,Zooey Deschanel,11000
43,Harrison Ford,11000
131,Morgan Freeman,11000
745,Woody Allen,11000
197,Adam Sandler,11000
73,Matthew McConaughey,11000
721,Harold Ramis,11000
856,Sam Claflin,11000
76,Brad Pitt,11000
978,Jason Momoa,11000
210,Meryl Streep,11000
183,James Franco,11000
2040,William Katt,505
1342,Jonathan Brandis,761
1730,Christian Keyes,761
2003,Purva Bedi,250
1422,John Saxon,506
658,Antony Starr,506
1526,Ed Speleers,762
1682,Henry Silva,251
1535,Tom Cullen,507
1529,Lily Rabe,763
2096,Julianne Gabert,252
862,Richard Lawson,508
1259,Tyler Mane,764
1575,Burl Ives,253
1701,Mackenzie Gray,253
1266,Noah Taylor,509
309,Maura Tierney,509
1655,Jessica Tandy,509
2025,Dan Futterman,254
1525,Doug Brochu,254
1426,Richard Cabral,510
357,John Kapelos,510
1061,David Belle,510
106,Colin Salmon,766
243,Olivia Williams,766
1545,John Forsythe,255
1798,Richard Cawthorne,511
995,Aidan Quinn,767
1169,Phoebe Cates,767
